case,parameter,theta,std_log_approx,approx_95_multiplier,fim_diag,active_bound,classification,medium
historical_natural_only,mu0,0.0787279167844739,0.0127642167423808,1.0253334377530583,29341.358553586284,False,well_estimated,natural
historical_natural_only,qN,0.0210803824284854,0.0146247178000281,1.02907922579695,21037.894502449668,False,well_estimated,natural
historical_natural_only,betaG0,0.4288780029973869,0.1108383104951832,1.2426461384990015,3382.689692392892,False,well_estimated,natural
historical_natural_only,betaF0,3.440399174765835,0.3545833713174343,2.003675828239565,17577.489557442732,False,moderate,natural
historical_natural_only,qEG,1.712806793770099,0.0654270058571256,1.1368223197856375,26432.664332260847,False,well_estimated,natural
historical_natural_only,qEF,5.023016750172416,0.3451948159172996,1.967142218830002,21271.01378008539,False,well_estimated,natural
historical_natural_only,iG,0.0560374372695645,0.304853375169604,1.817592122152848,2760.8021803197644,False,well_estimated,natural
historical_natural_only,iE,0.0401679409799797,0.1123045495074668,1.2462224267006616,11683.835231578523,False,well_estimated,natural
historical_natural_only,Kd0,0.0001502495478967,0.3756216770076713,2.08802467386356,7.3266399627642675,False,moderate,natural
historical_natural_only,gammaG0,0.1155587913675031,0.0725893474788194,1.152893790268721,9109.510907274402,False,well_estimated,natural
historical_natural_only,gammaF0,0.000100001621599,304.9373184687923,1.0576541811633427e+17,0.0001441312811907,True,weak_or_confounded,natural
historical_natural_only,kPyrS_N,0.8508617891421286,0.0763774693554962,1.1614855588216355,512.0675995386312,False,well_estimated,natural
historical_natural_only,kPyrO2,0.2731889591927507,0.1682172089263977,1.3905588677908327,403.8532436448135,False,well_estimated,natural
historical_natural_only,kPyrDrain,0.0035910294181966,0.1452815685452736,1.3294321209831248,377.2985762874189,False,well_estimated,natural
historical_natural_only,kAldS_N,2.359887977142201,0.0299964092689497,1.0605556428664846,3597.8651629902383,False,well_estimated,natural
historical_natural_only,kAcAld,0.0013923120060084,0.158030644947369,1.3630707570508085,83.87813647155433,False,well_estimated,natural
historical_natural_only,kAcStress,0.0026158743573774,0.0343450752199396,1.0696338005630757,901.893372217392,False,well_estimated,natural
historical_natural_only,k_EA_growth,0.1,418.4567582104635,1.0576541811633427e+17,0.0,False,weak_or_confounded,natural
historical_natural_only,k_EA_stationary,0.28,418.4567582104635,1.0576541811633427e+17,0.0,False,weak_or_confounded,natural
historical_natural_only,k_IAA_growth,0.003,418.4567582104635,1.0576541811633427e+17,0.0,False,weak_or_confounded,natural
historical_natural_only,k_IAA_stationary,0.012,418.4567582104635,1.0576541811633427e+17,0.0,False,weak_or_confounded,natural
historical_natural_only,k_EO_growth,0.0008,418.4567582104635,1.0576541811633427e+17,0.0,False,weak_or_confounded,natural
historical_natural_only,k_EO_stationary,0.003,418.4567582104635,1.0576541811633427e+17,0.0,False,weak_or_confounded,natural
historical_natural_only,alpha_EA_loss,1.0,418.4567582104635,1.0576541811633427e+17,0.0,False,weak_or_confounded,natural
historical_natural_only,alpha_IAA_loss,1.0,418.4567582104635,1.0576541811633427e+17,0.0,False,weak_or_confounded,natural
historical_natural_only,alpha_EO_loss,1.0,418.4567582104635,1.0576541811633427e+17,0.0,False,weak_or_confounded,natural
historical_synthetic_only,mu0,0.0500000000343952,0.0143050458965879,1.028434651028225,12650.902205041337,True,weak_or_confounded,synthetic
historical_synthetic_only,qN,0.0087808942095485,0.0088692750522124,1.017535756359408,27606.74821474133,False,well_estimated,synthetic
historical_synthetic_only,betaG0,1.1489884293794836,0.0581092395459723,1.1206334541757597,17968.871403226934,False,well_estimated,synthetic
historical_synthetic_only,betaF0,1.3141294921346576,0.1263431634428247,1.2809892107375445,7991.818090981593,False,well_estimated,synthetic
historical_synthetic_only,qEG,2.356896945083529,0.0439204361581985,1.0898979356844245,42474.3983375021,False,well_estimated,synthetic
historical_synthetic_only,qEF,2.8607067605173606,0.093067207810271,1.2001082094955915,24706.35785756637,False,well_estimated,synthetic
historical_synthetic_only,iG,0.0178230135537626,0.1105361454269653,1.241910407246333,2912.339010949568,False,well_estimated,synthetic
historical_synthetic_only,iE,0.0679130923986792,0.0580589996826668,1.1205231106843734,20943.45691820911,False,well_estimated,synthetic
historical_synthetic_only,Kd0,0.0007203999532169,0.0381908498904355,1.0777268621846654,1083.7984459812878,False,well_estimated,synthetic
historical_synthetic_only,gammaG0,0.1500490403841702,0.0513459810392361,1.1058763779382383,15282.845076208372,False,well_estimated,synthetic
historical_synthetic_only,gammaF0,0.0001008543088239,141.65439921098258,1.0576541811633427e+17,0.0009362250807786,True,weak_or_confounded,synthetic
historical_synthetic_only,kPyrS_N,0.8508617891421286,0.0405073389664207,1.0826312107181877,2367.386808775548,False,well_estimated,synthetic
historical_synthetic_only,kPyrO2,0.2731889591927507,0.1421875641084186,1.3213945096457456,937.026512046689,False,well_estimated,synthetic
historical_synthetic_only,kPyrDrain,0.0035910294181966,0.0708443112863881,1.1489573168844698,2668.1844340338944,False,well_estimated,synthetic
historical_synthetic_only,kAldS_N,2.359887977142201,380.4876807732253,1.0576541811633427e+17,0.0,False,weak_or_confounded,synthetic
historical_synthetic_only,kAcAld,0.0013923120060084,380.4876807732253,1.0576541811633427e+17,0.0,False,weak_or_confounded,synthetic
historical_synthetic_only,kAcStress,0.0026158743573774,380.4876807732253,1.0576541811633427e+17,0.0,False,weak_or_confounded,synthetic
historical_synthetic_only,k_EA_growth,0.1,380.4876807732253,1.0576541811633427e+17,0.0,False,weak_or_confounded,synthetic
historical_synthetic_only,k_EA_stationary,0.28,380.4876807732253,1.0576541811633427e+17,0.0,False,weak_or_confounded,synthetic
historical_synthetic_only,k_IAA_growth,0.003,380.4876807732253,1.0576541811633427e+17,0.0,False,weak_or_confounded,synthetic
historical_synthetic_only,k_IAA_stationary,0.012,380.4876807732253,1.0576541811633427e+17,0.0,False,weak_or_confounded,synthetic
historical_synthetic_only,k_EO_growth,0.0008,380.4876807732253,1.0576541811633427e+17,0.0,False,weak_or_confounded,synthetic
historical_synthetic_only,k_EO_stationary,0.003,380.4876807732253,1.0576541811633427e+17,0.0,False,weak_or_confounded,synthetic
historical_synthetic_only,alpha_EA_loss,1.0,380.4876807732253,1.0576541811633427e+17,0.0,False,weak_or_confounded,synthetic
historical_synthetic_only,alpha_IAA_loss,1.0,380.4876807732253,1.0576541811633427e+17,0.0,False,weak_or_confounded,synthetic
historical_synthetic_only,alpha_EO_loss,1.0,380.4876807732253,1.0576541811633427e+17,0.0,False,weak_or_confounded,synthetic
