batch,time_h,species,pool,obs,pred,residual
25026,0.0,ethyl_acetate,total,1.774577304293678,1.774577304293678,0.0
25026,36.0,ethyl_acetate,total,7.783209118560181,2.1959206066310615,-5.587288511929119
25026,60.0,ethyl_acetate,retained,13.8960350569332,3.06784439430713,-10.82819066262607
25026,60.0,ethyl_acetate,condensate,0.03117881485087881,0.05301315280302309,0.021834337952144282
25026,60.0,ethyl_acetate,total,13.92721387178408,3.120857547110153,-10.806356324673926
25026,90.0,ethyl_acetate,retained,13.742330536568698,4.688040366268175,-9.054290170300522
25026,90.0,ethyl_acetate,condensate,0.05570066965599786,0.09025504035913626,0.034554370703138396
25026,90.0,ethyl_acetate,total,13.798031206224696,4.778295406627311,-9.019735799597385
25026,138.0,ethyl_acetate,retained,8.839088126729601,7.006759132927236,-1.8323289938023652
25026,138.0,ethyl_acetate,condensate,0.06502485616134876,0.12504062653650344,0.06001577037515468
25026,138.0,ethyl_acetate,total,8.90411298289095,7.13179975946374,-1.7723132234272105
25026,0.0,isoamyl_acetate,total,0.16440079645416542,0.16440079645416542,0.0
25026,36.0,isoamyl_acetate,retained,4.20019116738048,2.100393362618249,-2.099797804762231
25026,36.0,isoamyl_acetate,condensate,0.1306918289301198,0.053185305363723547,-0.07750652356639626
25026,36.0,isoamyl_acetate,total,4.3308829963106,2.153578667981973,-2.1773043283286273
25026,60.0,isoamyl_acetate,retained,7.528397104778179,3.5998224129465193,-3.9285746918316597
25026,60.0,isoamyl_acetate,condensate,1.352683882139285,0.1539346660292603,-1.1987492161100248
25026,60.0,isoamyl_acetate,total,8.881080986917464,3.7537570789757795,-5.127323907941685
25026,90.0,isoamyl_acetate,retained,7.474304550344,5.083173158450448,-2.391131391893552
25026,90.0,isoamyl_acetate,condensate,2.4552558746240654,0.2884142479562106,-2.1668416266678547
25026,90.0,isoamyl_acetate,total,9.929560424968065,5.371587406406658,-4.557973018561406
25026,138.0,isoamyl_acetate,retained,7.892239797392938,6.0177426281076025,-1.8744971692853358
25026,138.0,isoamyl_acetate,condensate,2.801726777429855,0.40006110962297053,-2.4016656678068844
25026,138.0,isoamyl_acetate,total,10.693966574822793,6.417803737730573,-4.276162837092221
25026,0.0,ethyl_octanoate,total,0.018882016741666667,0.018882016741666667,0.0
25026,36.0,ethyl_octanoate,retained,0.09184587266483735,0.0370251126817939,-0.05482075998304345
25026,36.0,ethyl_octanoate,condensate,0.0036339454184960034,0.004121581213992659,0.00048763579549665525
25026,36.0,ethyl_octanoate,total,0.09547981808333335,0.041146693895786554,-0.054333124187546794
25026,60.0,ethyl_octanoate,retained,0.11793165090040372,0.04337313942555001,-0.0745585114748537
25026,60.0,ethyl_octanoate,condensate,0.026731549016262957,0.008103347902055236,-0.01862820111420772
25026,60.0,ethyl_octanoate,total,0.14466319991666668,0.05147648732760525,-0.09318671258906143
25026,90.0,ethyl_octanoate,retained,0.04831552179107297,0.04577683072947088,-0.002538691061602094
25026,90.0,ethyl_octanoate,condensate,0.04633458320892703,0.011746376799658608,-0.03458820640926842
25026,90.0,ethyl_octanoate,total,0.094650105,0.05752320752912948,-0.037126897470870515
25026,138.0,ethyl_octanoate,retained,0.0866021812266875,0.047295495136153165,-0.03930668609053434
25026,138.0,ethyl_octanoate,condensate,0.054454130439979154,0.01413799724638263,-0.040316133193596525
25026,138.0,ethyl_octanoate,total,0.14105631166666666,0.061433492382535794,-0.07962281928413087
25027,0.0,ethyl_acetate,total,1.793548000910494,1.793548000910494,0.0
25027,36.0,ethyl_acetate,total,5.336846749184641,1.8083668006705855,-3.5284799485140557
25027,84.0,ethyl_acetate,retained,9.295235014135976,1.9762098061260673,-7.319025208009909
25027,84.0,ethyl_acetate,condensate,0.012433493754568427,0.024179708016771422,0.011746214262202995
25027,84.0,ethyl_acetate,total,9.307668507890543,2.0003895141428387,-7.307278993747705
25027,114.0,ethyl_acetate,retained,8.2939076996105,3.12279671106331,-5.1711109885471895
25027,114.0,ethyl_acetate,condensate,0.01863753162510534,0.04942867209281283,0.030791140467707485
25027,114.0,ethyl_acetate,total,8.312545231235605,3.172225383156123,-5.140319848079482
25027,180.0,ethyl_acetate,retained,11.1618164337954,5.9526662452001915,-5.209150188595208
25027,180.0,ethyl_acetate,condensate,0.02776109040767312,0.10543295571406722,0.0776718653063941
25027,180.0,ethyl_acetate,total,11.189577524203072,6.058099200914259,-5.131478323288813
25027,0.0,isoamyl_acetate,total,0.16781751764209243,0.16781751764209243,0.0
25027,36.0,isoamyl_acetate,retained,2.28451271068262,0.556602788594015,-1.7279099220886052
25027,36.0,isoamyl_acetate,condensate,0.02577681808025032,0.002875523071961017,-0.022901295008289302
25027,36.0,isoamyl_acetate,total,2.3102895287628704,0.5594783116659761,-1.7508112170968944
25027,84.0,isoamyl_acetate,retained,8.672803756338288,2.356228776587566,-6.3165749797507225
25027,84.0,isoamyl_acetate,condensate,0.46066180646231975,0.0532012971850255,-0.40746050927729427
25027,84.0,isoamyl_acetate,total,9.133465562800607,2.4094300737725916,-6.724035489028015
25027,114.0,isoamyl_acetate,retained,7.8579777567077755,3.768446954288587,-4.089530802419189
25027,114.0,isoamyl_acetate,condensate,0.7458467974191493,0.1522555692749916,-0.5935912281441577
25027,114.0,isoamyl_acetate,total,8.603824554126925,3.920702523563578,-4.6831220305633465
25027,180.0,isoamyl_acetate,retained,8.483285270914678,5.977479166278705,-2.5058061046359725
25027,180.0,isoamyl_acetate,condensate,1.1358376669309975,0.34219848495879096,-0.7936391819722066
25027,180.0,isoamyl_acetate,total,9.619122937845676,6.319677651237496,-3.2994452866081794
25027,0.0,ethyl_octanoate,total,0.012845678733333334,0.012845678733333334,0.0
25027,36.0,ethyl_octanoate,retained,0.052934808275725186,0.018414864073143498,-0.034519944202581684
25027,36.0,ethyl_octanoate,condensate,0.0009132790159414889,0.00036345638497021625,-0.0005498226309712727
25027,36.0,ethyl_octanoate,total,0.05384808729166667,0.018778320458113715,-0.03506976683355296
25027,84.0,ethyl_octanoate,retained,0.04422046677173434,0.04179048394089109,-0.0024299828308432525
25027,84.0,ethyl_octanoate,condensate,0.024212634603265646,0.0033419628506195943,-0.02087067175264605
25027,84.0,ethyl_octanoate,total,0.06843310137499999,0.04513244679151068,-0.023300654583489303
25027,114.0,ethyl_octanoate,retained,0.036717791442644546,0.04433419153470544,0.007616400092060896
25027,114.0,ethyl_octanoate,condensate,0.034128033224022136,0.0071031197996185205,-0.027024913424403614
25027,114.0,ethyl_octanoate,total,0.07084582466666668,0.051437311334323964,-0.019408513332342718
25027,180.0,ethyl_octanoate,retained,0.05632754292966551,0.048676986603647616,-0.007650556326017896
25027,180.0,ethyl_octanoate,condensate,0.03916457244533448,0.011726611935896315,-0.027437960509438163
25027,180.0,ethyl_octanoate,total,0.09549211537499999,0.06040359853954393,-0.03508851683545606
25085,0.0,ethyl_acetate,total,2.0633398259379003,2.0633398259379003,0.0
25085,48.0,ethyl_acetate,total,4.637696613970025,2.7129827602425696,-1.9247138537274555
25085,72.0,ethyl_acetate,retained,6.3486149361897,3.596547639497884,-2.7520672966918163
25085,72.0,ethyl_acetate,condensate,0.001345601747468186,0.052541726581039956,0.05119612483357177
25085,72.0,ethyl_acetate,total,6.349960537937169,3.649089366078924,-2.7008711718582448
25085,126.0,ethyl_acetate,retained,9.17175006078226,5.6616636772211315,-3.510086383561129
25085,126.0,ethyl_acetate,condensate,0.006335328995524845,0.07406740789631942,0.06773207890079458
25085,126.0,ethyl_acetate,total,9.178085389777785,5.735731085117451,-3.4423543046603333
25085,216.0,ethyl_acetate,retained,10.746080984054561,8.998508471952661,-1.7475725121019003
25085,216.0,ethyl_acetate,condensate,0.006335328995524845,0.07514563351212342,0.06881030451659857
25085,216.0,ethyl_acetate,total,10.752416313050086,9.073654105464785,-1.6787622075853008
25085,0.0,isoamyl_acetate,total,0.906015276728908,0.906015276728908,0.0
25085,48.0,isoamyl_acetate,retained,2.3980706043185305,3.148850208384215,0.7507796040656847
25085,48.0,isoamyl_acetate,condensate,0.05239492022355756,0.104070226046696,0.05167530582313844
25085,48.0,isoamyl_acetate,total,2.450465524542088,3.2529204344309113,0.8024549098888234
25085,72.0,isoamyl_acetate,retained,4.789805792124065,4.160845982810674,-0.6289598093133915
25085,72.0,isoamyl_acetate,condensate,0.20986401864451254,0.18642511403989837,-0.023438904604614175
25085,72.0,isoamyl_acetate,total,4.9996698107685775,4.347271096850572,-0.6523987139180054
25085,126.0,isoamyl_acetate,retained,4.86868701363886,4.966527199354202,0.09784018571534148
25085,126.0,isoamyl_acetate,condensate,0.4651898723124778,0.26689379491125503,-0.1982960774012228
25085,126.0,isoamyl_acetate,total,5.333876885951338,5.233420994265456,-0.10045589168588176
25085,216.0,isoamyl_acetate,retained,5.315137401122881,4.984734286943737,-0.3304031141791439
25085,216.0,isoamyl_acetate,condensate,0.6065084863263749,0.269880183351468,-0.33662830297490687
25085,216.0,isoamyl_acetate,total,5.921645887449255,5.254614470295205,-0.6670314171540506
25085,0.0,ethyl_octanoate,total,0.017941041604166666,0.017941041604166666,0.0
25085,48.0,ethyl_octanoate,retained,0.013317268429589876,0.037628009187757445,0.024310740758167568
25085,48.0,ethyl_octanoate,condensate,0.004134413457910125,0.004690942662717437,0.0005565292048073127
25085,48.0,ethyl_octanoate,total,0.0174516818875,0.042318951850474885,0.024867269962974885
25085,72.0,ethyl_octanoate,retained,0.017856494796978782,0.03916820644651513,0.021311711649536345
25085,72.0,ethyl_octanoate,condensate,0.011479787169687884,0.007240934729884903,-0.004238852439802981
25085,72.0,ethyl_octanoate,total,0.029336281966666666,0.04640914117640003,0.017072859209733362
25085,126.0,ethyl_octanoate,retained,0.028682980162296267,0.04047492335520906,0.011791943192912793
25085,126.0,ethyl_octanoate,condensate,0.01892364979603706,0.009246246526883363,-0.009677403269153697
25085,126.0,ethyl_octanoate,total,0.04760662995833333,0.04972116988209242,0.0021145399237590956
25085,216.0,ethyl_octanoate,retained,0.036038271843163404,0.04048541362337803,0.004447141780214624
25085,216.0,ethyl_octanoate,condensate,0.024085152281836594,0.009314967914878536,-0.014770184366958058
25085,216.0,ethyl_octanoate,total,0.060123424125,0.04980038153825656,-0.010323042586743436
25086,0.0,ethyl_acetate,total,2.1529048612223898,2.1529048612223898,0.0
25086,48.0,ethyl_acetate,total,4.616933222308121,2.7857273240355442,-1.8312058982725765
25086,72.0,ethyl_acetate,total,7.29418938497474,3.723076246902915,-3.5711131380718255
25086,126.0,ethyl_acetate,total,7.7955253891259995,6.014562548543684,-1.7809628405823155
25086,216.0,ethyl_acetate,total,7.906657810572789,9.196534644272214,1.2898768336994246
25086,0.0,isoamyl_acetate,total,1.208975548534005,1.208975548534005,0.0
25086,48.0,isoamyl_acetate,retained,2.55510810283934,3.3387521693195663,0.7836440664802264
25086,48.0,isoamyl_acetate,condensate,0.06943679454116417,0.10566133896836913,0.03622454442720496
25086,48.0,isoamyl_acetate,total,2.624544897380504,3.4444135082879352,0.8198686109074313
25086,72.0,isoamyl_acetate,retained,4.184086218251101,4.317845793355305,0.13375957510420378
25086,72.0,isoamyl_acetate,condensate,0.19952636299206494,0.18554047140575114,-0.013985891586313803
25086,72.0,isoamyl_acetate,total,4.383612581243166,4.5033862647610565,0.11977368351789064
25086,126.0,isoamyl_acetate,retained,4.31190822180632,6.097211996629136,1.7853037748228164
25086,126.0,isoamyl_acetate,condensate,0.45412221785452167,0.346488181606474,-0.10763403624804768
25086,126.0,isoamyl_acetate,total,4.766030439660842,6.44370017823561,1.6776697385747683
25086,216.0,isoamyl_acetate,retained,5.845054431453099,6.5839089110082885,0.7388544795551892
25086,216.0,isoamyl_acetate,condensate,0.5452836211840325,0.3967126999142616,-0.1485709212697709
25086,216.0,isoamyl_acetate,total,6.390338052637132,6.98062161092255,0.5902835582854182
25086,0.0,ethyl_octanoate,total,0.016916222741666667,0.016916222741666667,0.0
25086,48.0,ethyl_octanoate,retained,0.026642500936058792,0.03654238557940481,0.00989988464334602
25086,48.0,ethyl_octanoate,condensate,0.003709007113941205,0.003779376670978445,7.036955703724037e-05
25086,48.0,ethyl_octanoate,total,0.030351508049999996,0.04032176225038326,0.009970254200383263
25086,72.0,ethyl_octanoate,retained,0.03613131875202631,0.038386128947757225,0.0022548101957309136
25086,72.0,ethyl_octanoate,condensate,0.007867811539640352,0.005893596024293951,-0.0019742155153464015
25086,72.0,ethyl_octanoate,total,0.04399913029166667,0.044279724972051175,0.00028059468038450774
25086,126.0,ethyl_octanoate,retained,0.025127548960296626,0.04236711966427111,0.017239570703974486
25086,126.0,ethyl_octanoate,condensate,0.012279785514703372,0.009164623728398692,-0.0031151617863046793
25086,126.0,ethyl_octanoate,total,0.037407334475,0.051531743392669804,0.014124408917669806
25086,216.0,ethyl_octanoate,retained,0.03202899226468873,0.0435056541178996,0.011476661853210869
25086,216.0,ethyl_octanoate,condensate,0.014727064235311275,0.010032859464495862,-0.004694204770815414
25086,216.0,ethyl_octanoate,total,0.046756056500000004,0.05353851358239546,0.006782457082395457
25150,0.0,ethyl_acetate,total,2.1368610835746,2.1368610835746,0.0
25150,24.0,ethyl_acetate,total,3.741484877211,2.2483506858653195,-1.4931341913456806
25150,48.0,ethyl_acetate,retained,6.63976178031308,2.7572922239486983,-3.8824695563643816
25150,48.0,ethyl_acetate,condensate,0.0023617382809796588,0.03715321260882515,0.03479147432784549
25150,48.0,ethyl_acetate,total,6.64212351859406,2.7944454365575235,-3.8476780820365364
25150,72.0,ethyl_acetate,retained,7.895822782593424,3.6509047420754,-4.244918040518024
25150,72.0,ethyl_acetate,condensate,0.008239760493490952,0.06260376120276911,0.05436400070927816
25150,72.0,ethyl_acetate,total,7.904062543086915,3.713508503278169,-4.190554039808745
25150,126.0,ethyl_acetate,retained,5.895661075726401,5.791699342949854,-0.10396173277654697
25150,126.0,ethyl_acetate,condensate,0.01247281249175867,0.11186614232702795,0.09939332983526927
25150,126.0,ethyl_acetate,total,5.90813388821816,5.903565485276881,-0.004568402941278471
25150,174.0,ethyl_acetate,retained,8.49217523270936,7.418011279655878,-1.0741639530534828
25150,174.0,ethyl_acetate,condensate,0.016202485548417293,0.12314101205668568,0.10693852650826838
25150,174.0,ethyl_acetate,total,8.508377718257778,7.541152291712564,-0.9672254265452143
25150,0.0,isoamyl_acetate,total,0.846134308660326,0.846134308660326,0.0
25150,24.0,isoamyl_acetate,retained,1.348997168386928,1.7394722282543222,0.3904750598673943
25150,24.0,isoamyl_acetate,condensate,0.0462817662467401,0.02835382745088823,-0.01792793879585187
25150,24.0,isoamyl_acetate,total,1.395278934633668,1.7678260557052106,0.37254712107154253
25150,48.0,isoamyl_acetate,retained,3.9129301242623002,3.0697054152638,-0.8432247089985001
25150,48.0,isoamyl_acetate,condensate,0.3227607390023912,0.10923482851459278,-0.21352591048779845
25150,48.0,isoamyl_acetate,total,4.235690863264692,3.178940243778393,-1.0567506194862988
25150,72.0,isoamyl_acetate,retained,4.689073176036874,4.139766832601218,-0.5493063434356555
25150,72.0,isoamyl_acetate,condensate,0.4938344562207136,0.20597083910093086,-0.2878636171197827
25150,72.0,isoamyl_acetate,total,5.182907632257587,4.345737671702149,-0.8371699605554381
25150,126.0,isoamyl_acetate,retained,4.423981936583665,5.83963653102123,1.415654594437565
25150,126.0,isoamyl_acetate,condensate,0.5914658265417693,0.38117542310879454,-0.21029040343297473
25150,126.0,isoamyl_acetate,total,5.015447763125435,6.220811954130025,1.2053641910045902
25150,174.0,isoamyl_acetate,retained,5.975111592519481,6.01829503784267,0.04318344532318896
25150,174.0,isoamyl_acetate,condensate,0.6828248920111579,0.41485570131816407,-0.26796919069299385
25150,174.0,isoamyl_acetate,total,6.657936484530638,6.433150739160833,-0.22478574536980478
25150,0.0,ethyl_octanoate,total,0.012935534429166668,0.012935534429166668,0.0
25150,24.0,ethyl_octanoate,retained,0.0172790467894345,0.023219417443605225,0.005940370654170725
25150,24.0,ethyl_octanoate,condensate,0.0023686280688988356,0.0012080158944909338,-0.0011606121744079019
25150,24.0,ethyl_octanoate,total,0.019647674858333335,0.024427433338096157,0.004779758479762822
25150,48.0,ethyl_octanoate,retained,0.028707041929190144,0.03193753899627544,0.0032304970670852945
25150,48.0,ethyl_octanoate,condensate,0.008868007937476531,0.004033692996519799,-0.004834314940956732
25150,48.0,ethyl_octanoate,total,0.037575049866666675,0.03597123199279524,-0.001603817873871434
25150,72.0,ethyl_octanoate,retained,0.02608341152194066,0.033829881263538766,0.007746469741598105
25150,72.0,ethyl_octanoate,condensate,0.013806212944726007,0.006502313353264722,-0.007303899591461285
25150,72.0,ethyl_octanoate,total,0.03988962446666667,0.040332194616803485,0.00044257015013681594
25150,126.0,ethyl_octanoate,retained,0.01296636575609901,0.03746787557712832,0.02450150982102931
25150,126.0,ethyl_octanoate,condensate,0.01606915254390099,0.009872501139366921,-0.006196651404534069
25150,126.0,ethyl_octanoate,total,0.0290355183,0.04734037671649524,0.01830485841649524
25150,174.0,ethyl_octanoate,retained,0.0347617732289133,0.03770359764740992,0.002941824418496622
25150,174.0,ethyl_octanoate,condensate,0.0176897792710867,0.0104304056929844,-0.007259373578102302
25150,174.0,ethyl_octanoate,total,0.052451552500000005,0.04813400334039432,-0.004317549159605687
25151,0.0,ethyl_acetate,total,2.17809913219592,2.17809913219592,0.0
25151,24.0,ethyl_acetate,total,2.8512795142660896,2.4785858360645263,-0.3726936782015633
25151,48.0,ethyl_acetate,retained,6.281930493443521,3.2422904443142024,-3.0396400491293183
25151,48.0,ethyl_acetate,condensate,0.002156190578650409,0.05113508383772861,0.0489788932590782
25151,48.0,ethyl_acetate,total,6.284086684022171,3.293425528151931,-2.9906611558702396
25151,72.0,ethyl_acetate,retained,7.0499755585466755,4.35340502142486,-2.696570537121816
25151,72.0,ethyl_acetate,condensate,0.011181082875776785,0.08106000557072465,0.06987892269494787
25151,72.0,ethyl_acetate,total,7.0611566414224525,4.434465026995584,-2.6266916144268686
25151,126.0,ethyl_acetate,retained,7.488345333008901,6.80353067956215,-0.6848146534467512
25151,126.0,ethyl_acetate,condensate,0.015193901908163944,0.12340469933539007,0.10821079742722613
25151,126.0,ethyl_acetate,total,7.503539234917065,6.92693537889754,-0.576603856019525
25151,174.0,ethyl_acetate,retained,6.970221713483631,8.5957755667554,1.6255538532717688
25151,174.0,ethyl_acetate,condensate,0.02439075324986626,0.1269519040212934,0.10256115077142713
25151,174.0,ethyl_acetate,total,6.994612466733497,8.722727470776693,1.7281150040431958
25151,0.0,isoamyl_acetate,total,0.877507175756748,0.877507175756748,0.0
25151,24.0,isoamyl_acetate,retained,1.223533272745987,2.1737789812995296,0.9502457085535425
25151,24.0,isoamyl_acetate,condensate,0.03846912025583569,0.051437314949150485,0.012968194693314797
25151,24.0,isoamyl_acetate,total,1.2620023930018227,2.22521629624868,0.9632139032468572
25151,48.0,isoamyl_acetate,retained,3.96202928861208,3.6560695134677905,-0.3059597751442893
25151,48.0,isoamyl_acetate,condensate,0.2577336329661714,0.15661310777268556,-0.10112052519348586
25151,48.0,isoamyl_acetate,total,4.219762921578251,3.812682621240476,-0.4070803003377752
25151,72.0,isoamyl_acetate,retained,5.469766514745001,4.818360326382693,-0.6514061883623086
25151,72.0,isoamyl_acetate,condensate,0.5544644757967091,0.26748037415249787,-0.28698410164421123
25151,72.0,isoamyl_acetate,total,6.02423099054171,5.085840700535191,-0.9383902900065193
25151,126.0,isoamyl_acetate,retained,6.1020700035968005,6.177006289459376,0.0749362858625755
25151,126.0,isoamyl_acetate,condensate,0.6629051448737066,0.4116467122629726,-0.25125843261073394
25151,126.0,isoamyl_acetate,total,6.764975148470507,6.588653001722348,-0.17632214674815838
25151,174.0,isoamyl_acetate,retained,5.963144787191498,6.226141612869037,0.2629968256775381
25151,174.0,isoamyl_acetate,condensate,0.8227461157386128,0.4212533039662171,-0.4014928117723957
25151,174.0,isoamyl_acetate,total,6.785890902930111,6.647394916835253,-0.13849598609485803
25151,0.0,ethyl_octanoate,total,0.011556563158333335,0.011556563158333335,0.0
25151,24.0,ethyl_octanoate,retained,0.010408977790999497,0.023028315935088445,0.012619338144088948
25151,24.0,ethyl_octanoate,condensate,0.0014048239340005038,0.0018608735037419569,0.00045604956974145306
25151,24.0,ethyl_octanoate,total,0.011813801725,0.0248891894388304,0.013075387713830402
25151,48.0,ethyl_octanoate,retained,0.0286708893320544,0.030922791001364424,0.0022519016693100247
25151,48.0,ethyl_octanoate,condensate,0.0064322009679456,0.00475990175779778,-0.0016722992101478205
25151,48.0,ethyl_octanoate,total,0.0351030903,0.03568269275916221,0.0005796024591622068
25151,72.0,ethyl_octanoate,retained,0.02698051079887252,0.03338296828669953,0.006402457487827012
25151,72.0,ethyl_octanoate,condensate,0.012522911155294147,0.007058215240006099,-0.005464695915288048
25151,72.0,ethyl_octanoate,total,0.039503421954166666,0.04044118352670563,0.0009377615725389629
25151,126.0,ethyl_octanoate,retained,0.01739980435369718,0.03656852650057648,0.0191687221468793
25151,126.0,ethyl_octanoate,condensate,0.014333416375469483,0.009489491712133927,-0.004843924663335556
25151,126.0,ethyl_octanoate,total,0.031733220729166664,0.04605801821271041,0.014324797483543747
25151,174.0,ethyl_octanoate,retained,0.029104219506810008,0.036640302776589286,0.007536083269779278
25151,174.0,ethyl_octanoate,condensate,0.016232166868189995,0.009637266225043913,-0.006594900643146082
25151,174.0,ethyl_octanoate,total,0.045336386375,0.0462775690016332,0.0009411826266331955
25170,0.0,ethyl_acetate,total,2.3280442590095003,2.3280442590095003,0.0
25170,84.0,ethyl_acetate,total,4.5963418909964195,4.008509917711493,-0.5878319732849269
25170,108.0,ethyl_acetate,total,6.40778873541756,4.987073947024414,-1.4207147883931457
25170,138.0,ethyl_acetate,total,6.8102799916321,6.249532545840882,-0.5607474457912183
25170,156.0,ethyl_acetate,total,10.306090536694661,6.999993846832845,-3.3060966898618167
25170,180.0,ethyl_acetate,total,9.93428477489374,7.9437924653863226,-1.9904923095074176
25170,204.0,ethyl_acetate,total,11.15686232840802,8.826224455474312,-2.330637872933707
25170,234.0,ethyl_acetate,total,9.903826261114876,9.884202149797105,-0.01962411131777131
25170,276.0,ethyl_acetate,total,8.9684764248195,11.28968600177346,2.32120957695396
25170,324.0,ethyl_acetate,total,11.903405814242562,12.798547160185867,0.8951413459433049
25170,372.0,ethyl_acetate,total,10.4127262132328,14.210977723919513,3.798251510686713
25170,0.0,isoamyl_acetate,total,1.137472623309708,1.137472623309708,0.0
25170,84.0,isoamyl_acetate,retained,1.6325709031709903,4.412721620024525,2.780150716853535
25170,84.0,isoamyl_acetate,condensate,0.0076510218858882595,0.1825005882824612,0.17484956639657295
25170,84.0,isoamyl_acetate,total,1.6402219250568786,4.5952222083069865,2.955000283250108
25170,108.0,isoamyl_acetate,retained,3.33645263574496,5.195703838914807,1.8592512031698467
25170,108.0,isoamyl_acetate,condensate,0.039657734170005995,0.2466291475385875,0.2069714133685815
25170,108.0,isoamyl_acetate,total,3.3761103699149664,5.442332986453394,2.0662226165384276
25170,138.0,isoamyl_acetate,retained,4.594903681459715,6.024180126635189,1.429276445175474
25170,138.0,isoamyl_acetate,condensate,0.12635160483622557,0.31197997667780436,0.1856283718415788
25170,138.0,isoamyl_acetate,total,4.72125528629594,6.336160103312993,1.6149048170170532
25170,156.0,isoamyl_acetate,retained,6.23857882327538,6.431814428831342,0.1932356055559623
25170,156.0,isoamyl_acetate,condensate,0.21269357875246178,0.341739757143803,0.12904617839134122
25170,156.0,isoamyl_acetate,total,6.451272402027842,6.773554185975145,0.3222817839473038
25170,180.0,isoamyl_acetate,retained,6.710092652037679,6.68683215448869,-0.02326049754898918
25170,180.0,isoamyl_acetate,condensate,0.30464821219369603,0.3610850290559189,0.05643681686222285
25170,180.0,isoamyl_acetate,total,7.014740864231375,7.047917183544609,0.033176319313233726
25170,204.0,isoamyl_acetate,retained,6.8002444691820205,6.710298208196347,-0.08994626098567338
25170,204.0,isoamyl_acetate,condensate,0.4080298405960216,0.364757508520114,-0.04327233207590758
25170,204.0,isoamyl_acetate,total,7.208274309778042,7.075055716716461,-0.13321859306158057
25170,234.0,isoamyl_acetate,retained,8.075568844769164,6.716837650650964,-1.3587311941181994
25170,234.0,isoamyl_acetate,condensate,0.5256702705676097,0.365749169047412,-0.15992110152019773
25170,234.0,isoamyl_acetate,total,8.601239115336773,7.082586819698376,-1.5186522956383968
25170,276.0,isoamyl_acetate,retained,9.706356875625248,6.718006205580454,-2.9883506700447944
25170,276.0,isoamyl_acetate,condensate,0.6509170652459404,0.36592057046142046,-0.28499649478451994
25170,276.0,isoamyl_acetate,total,10.357273940871188,7.083926776041874,-3.273347164829314
25170,324.0,isoamyl_acetate,retained,8.85169027565722,6.718106067314379,-2.1335842083428407
25170,324.0,isoamyl_acetate,condensate,0.7329551800811596,0.36593518426324667,-0.3670199958179129
25170,324.0,isoamyl_acetate,total,9.584645455738379,7.084041251577625,-2.5006042041607532
25170,372.0,isoamyl_acetate,retained,9.2479120742378,6.718112890970568,-2.5297991832672313
25170,372.0,isoamyl_acetate,condensate,0.7931370039481589,0.36593618029337666,-0.42720082365478224
25170,372.0,isoamyl_acetate,total,10.041049078185958,7.084049071263944,-2.957000006922014
25170,0.0,ethyl_octanoate,total,0.0212631602261692,0.0212631602261692,0.0
25170,84.0,ethyl_octanoate,retained,0.028669052716120122,0.04341170311961047,0.014742650403490348
25170,84.0,ethyl_octanoate,condensate,0.0007469279255465425,0.006593446125672336,0.005846518200125793
25170,84.0,ethyl_octanoate,total,0.029415980641666666,0.05000514924528281,0.02058916860361614
25170,108.0,ethyl_octanoate,retained,0.03422224920069414,0.04504015326543177,0.010817904064737635
25170,108.0,ethyl_octanoate,condensate,0.0032198081743058573,0.00813111406247689,0.004911305888171033
25170,108.0,ethyl_octanoate,total,0.037442057375,0.05317126732790867,0.01572920995290867
25170,138.0,ethyl_octanoate,retained,0.023861956349766976,0.04701090423659743,0.023148947886830452
25170,138.0,ethyl_octanoate,condensate,0.006633154258566357,0.00950108578123245,0.0028679315226660925
25170,138.0,ethyl_octanoate,total,0.030495110608333334,0.056511990017829875,0.02601687940949654
25170,156.0,ethyl_octanoate,retained,0.06862874748794937,0.04806947630150046,-0.020559271186448902
25170,156.0,ethyl_octanoate,condensate,0.008495266387050643,0.010077295553694772,0.0015820291666441295
25170,156.0,ethyl_octanoate,total,0.07712401387500001,0.058146771855195234,-0.018977242019804774
25170,180.0,ethyl_octanoate,retained,0.061612675717179856,0.048734610331073236,-0.01287806538610662
25170,180.0,ethyl_octanoate,condensate,0.009947971991153473,0.010437606684563562,0.000489634693410089
25170,180.0,ethyl_octanoate,total,0.07156064770833333,0.0591722170156368,-0.012388430692696531
25170,204.0,ethyl_octanoate,retained,0.06644342209622164,0.04876880083701519,-0.017674621259206456
25170,204.0,ethyl_octanoate,condensate,0.011425677070445018,0.010504847777449056,-0.0009208292929959623
25170,204.0,ethyl_octanoate,total,0.07786909916666666,0.05927364861446424,-0.018595450552202422
25170,234.0,ethyl_octanoate,retained,0.038975022166254564,0.04877881268726978,0.009803790521015217
25170,234.0,ethyl_octanoate,condensate,0.012903567750412109,0.01052298379397682,-0.002380583956435289
25170,234.0,ethyl_octanoate,total,0.051878589916666676,0.0593017964812466,0.007423206564579926
25170,276.0,ethyl_octanoate,retained,0.03428626636133696,0.048780690735153696,0.014494424373816733
25170,276.0,ethyl_octanoate,condensate,0.014379075721996372,0.010526113898649244,-0.0038529618233471286
25170,276.0,ethyl_octanoate,total,0.048665342083333334,0.05930680463380294,0.010641462550469605
25170,324.0,ethyl_octanoate,retained,0.07096144934017977,0.04878085166150518,-0.022180597678674592
25170,324.0,ethyl_octanoate,condensate,0.0155489315764869,0.01052638083022746,-0.00502255074625944
25170,324.0,ethyl_octanoate,total,0.08651038091666667,0.059307232491732635,-0.027203148424934036
25170,372.0,ethyl_octanoate,retained,0.06661627756121251,0.048780862699639625,-0.017835414861572883
25170,372.0,ethyl_octanoate,condensate,0.016371201688787484,0.010526399018554176,-0.005844802670233308
25170,372.0,ethyl_octanoate,total,0.08298747925,0.0593072617181938,-0.023680217531806193
25171,0.0,ethyl_acetate,total,2.8744972794701966,2.8744972794701966,0.0
25171,8.0,ethyl_acetate,total,2.968266039622245,2.8878251546891196,-0.08044088493312529
25171,38.0,ethyl_acetate,total,3.97113102796832,3.1899434014791215,-0.7811876264891984
25171,56.0,ethyl_acetate,total,8.962449220054001,3.680693118657701,-5.2817561013963
25171,80.0,ethyl_acetate,total,12.15011586978508,4.377266866893533,-7.772849002891548
25171,104.0,ethyl_acetate,total,11.39920621432336,5.1050237843236665,-6.294182429999694
25171,134.0,ethyl_acetate,total,12.924789202520941,6.042515971121418,-6.882273231399523
25171,176.0,ethyl_acetate,total,7.676322371100181,7.372464132334975,-0.3038582387652058
25171,272.0,ethyl_acetate,total,12.849770328649674,10.096601174816943,-2.753169153832731
25171,0.0,isoamyl_acetate,total,0.9631706346046662,0.9631706346046662,0.0
25171,8.0,isoamyl_acetate,retained,0.921157492743615,1.168734029628762,0.24757653688514702
25171,8.0,isoamyl_acetate,condensate,0.020313936540751545,0.003804659862791714,-0.01650927667795983
25171,8.0,isoamyl_acetate,total,0.9414714292843666,1.1725386894915537,0.23106726020718715
25171,38.0,isoamyl_acetate,retained,2.70755566698386,2.395118221052516,-0.3124374459313439
25171,38.0,isoamyl_acetate,condensate,0.17298368654075158,0.053651819188960156,-0.11933186735179142
25171,38.0,isoamyl_acetate,total,2.8805393535246115,2.448770040241476,-0.4317693132831355
25171,56.0,isoamyl_acetate,retained,5.08951828854418,3.071304183888181,-2.0182141046559985
25171,56.0,isoamyl_acetate,condensate,0.36984804907382857,0.09933157961154539,-0.2705164694622832
25171,56.0,isoamyl_acetate,total,5.459366337618008,3.1706357634997264,-2.288730574118282
25171,80.0,isoamyl_acetate,retained,5.449546340485519,3.7891245782842424,-1.6604217622012762
25171,80.0,isoamyl_acetate,condensate,0.516936540790992,0.14885754435285442,-0.36807899643813763
25171,80.0,isoamyl_acetate,total,5.9664828812765105,3.937982122637097,-2.0285007586394137
25171,104.0,isoamyl_acetate,retained,5.091017321532279,4.390072816821818,-0.7009445047104608
25171,104.0,isoamyl_acetate,condensate,0.6406106343968795,0.19030667229888543,-0.45030396209799406
25171,104.0,isoamyl_acetate,total,5.7316279559291585,4.580379489120704,-1.1512484668084548
25171,134.0,isoamyl_acetate,retained,6.59900641912132,5.035373309261883,-1.5636331098594374
25171,134.0,isoamyl_acetate,condensate,0.7530667801206115,0.2335401773244033,-0.5195266027962082
25171,134.0,isoamyl_acetate,total,7.352073199241931,5.268913486586286,-2.083159712655645
25171,176.0,isoamyl_acetate,retained,4.64193153262454,5.758598754926631,1.116667222302091
25171,176.0,isoamyl_acetate,condensate,0.8065204393905533,0.2786845374805656,-0.5278359019099876
25171,176.0,isoamyl_acetate,total,5.448451972015093,6.037283292407197,0.5888313203921038
25171,272.0,isoamyl_acetate,retained,8.040506946195976,5.912043437593101,-2.1284635086028745
25171,272.0,isoamyl_acetate,condensate,0.940831256278,0.29118065123835757,-0.6496506050396424
25171,272.0,isoamyl_acetate,total,8.981338202473976,6.203224088831458,-2.778114113642518
25171,0.0,ethyl_octanoate,total,0.010687223531705014,0.010687223531705014,0.0
25171,8.0,ethyl_octanoate,retained,0.009674469018763076,0.0136236999210136,0.003949230902250524
25171,8.0,ethyl_octanoate,condensate,0.0004908513104035925,0.00012423694673325408,-0.00036661436367033844
25171,8.0,ethyl_octanoate,total,0.010165320329166668,0.013747936867746854,0.003582616538580186
25171,38.0,ethyl_octanoate,retained,0.024592725008949476,0.025499076073258624,0.000906351064309148
25171,38.0,ethyl_octanoate,condensate,0.003208482441050523,0.001820147511221972,-0.001388334929828551
25171,38.0,ethyl_octanoate,total,0.027801207449999997,0.027319223584480596,-0.000481983865519401
25171,56.0,ethyl_octanoate,retained,0.05554321645678754,0.026947177381273637,-0.0285960390755139
25171,56.0,ethyl_octanoate,condensate,0.006486847918212459,0.003070292006222961,-0.0034165559119894977
25171,56.0,ethyl_octanoate,total,0.062030064375,0.0300174693874966,-0.032012594987503404
25171,80.0,ethyl_octanoate,retained,0.06342457369468808,0.028714238869951794,-0.03471033482473629
25171,80.0,ethyl_octanoate,condensate,0.009128229930311909,0.004171225171818996,-0.004957004758492913
25171,80.0,ethyl_octanoate,total,0.072552803625,0.03288546404177079,-0.039667339583229204
25171,104.0,ethyl_octanoate,retained,0.05953749020667675,0.030319506156744433,-0.029217984049932318
25171,104.0,ethyl_octanoate,condensate,0.010935263084989927,0.004966949550727323,-0.005968313534262604
25171,104.0,ethyl_octanoate,total,0.07047275329166668,0.035286455707471756,-0.03518629758419492
25171,134.0,ethyl_octanoate,retained,0.04630672150212301,0.0321445693643567,-0.01416215213776631
25171,134.0,ethyl_octanoate,condensate,0.012492402081210328,0.00571531593003229,-0.006777086151178038
25171,134.0,ethyl_octanoate,total,0.05879912358333334,0.037859885294388995,-0.020939238288944347
25171,176.0,ethyl_octanoate,retained,0.03870004866440202,0.03429516862714868,-0.004404880037253339
25171,176.0,ethyl_octanoate,condensate,0.013379200293931314,0.006436536503692512,-0.006942663790238802
25171,176.0,ethyl_octanoate,total,0.05207924895833333,0.04073170513084119,-0.011347543827492139
25171,272.0,ethyl_octanoate,retained,0.03392193384628221,0.03472481153787945,0.0008028776915972383
25171,272.0,ethyl_octanoate,condensate,0.015383563445384456,0.006627105458703564,-0.008756457986680892
25171,272.0,ethyl_octanoate,total,0.04930549729166667,0.04135191699658301,-0.007953580295083654
