batch,state,t,mu0,betaG0,betaF0,Kn0,Kig0,Kie0,Kd0,Yxn,Yxf,Yeg,Yef
25026,X,0.0,0.0,0.0,0.0,0.0,0.0,0.0,0.0,0.0,0.0,0.0,0.0
25026,X,12.0,22.139748840554596,3.5591570257455435e-15,-2.666284117571607e-15,-24.58101033036854,-6.275126737595995e-17,-6.747891393677869e-16,0.0,0.16373499618781212,0.0,6.184791497883105e-15,-2.2869837284292967e-15
25026,X,36.0,6.021082077415825,0.0,0.0,-5.6223966599257835,6.275126737595995e-17,6.747891393677869e-16,0.0,0.8659040519333709,0.0,1.236958299576621e-14,0.0
25026,X,42.0,13.317150865549841,0.0,5.332568235143214e-15,-16.55759257269995,-1.255025347519199e-16,0.0,0.0,1.188345646104249,1.3495782787355744e-13,0.0,-4.5739674568585935e-15
25026,X,60.0,2.085147414192121,-7.118314051491087e-15,-1.0665136470286428e-14,-2.3302571346488894,-1.255025347519199e-16,-2.6991565574711475e-15,2.5489350436011358e-12,1.5262996295613827,0.0,2.473916599153242e-14,4.5739674568585935e-15
25026,X,84.0,0.053050278035469536,0.0,0.0,-0.04032403252452552,0.0,-1.3495782787355738e-15,0.0,1.5465356726206836,0.0,1.236958299576621e-14,0.0
25026,X,90.0,0.02018554165355403,0.0,0.0,-0.013509673150528147,-1.255025347519199e-16,-1.3495782787355738e-15,2.5489350436011358e-12,1.5467371585186294,0.0,1.236958299576621e-14,4.5739674568585935e-15
25026,X,108.0,0.0010901271494350572,-1.9447770392597747,-1.477973578936313,-0.00021354845758986068,3.7650760425575965e-16,-0.725590254696277,2.5489350436011358e-12,1.0500192884989763,0.0,0.0,0.0
25026,X,114.0,-0.5891067479521352,-4.222870933580949,-3.2337013789972486,0.6587335473155875,-0.003451228557154318,-0.7662553403430985,-290.5705531958495,0.7431289738156589,-0.47863161803995186,-0.22018415140612377,-0.03572786682788128
25026,X,132.0,-1.8570349399465302,-4.861608786835326,-4.012837280868734,2.0676467326610424,-0.011829630307288183,-0.8339739810928624,-987.1643042203118,0.2540431162151992,-1.8826588891307536,-1.1227146897149722,-0.1509385693324386
25026,X,138.0,-2.1853028251144186,-4.947985352418657,-4.248153533728497,2.4301710181185294,-0.014354983224852978,-0.8420599968629344,-1195.0159340462344,0.16508155005557976,-2.3989142528492167,-1.5291264651322267,-0.197412098211284
25026,N,0.0,0.0,0.0,0.0,0.0,0.0,0.0,0.0,0.0,0.0,0.0,0.0
25026,N,12.0,-265.6214817017857,0.0,3.297145161621361e-14,294.91179887856475,3.879932304489266e-16,4.172244306821117e-15,7.880076236915617e-12,3.440814625449568,0.0,3.824077717091706e-14,1.4140498541027905e-14
25026,N,36.0,-72.2378900668323,1.1003194754780697e-14,1.339465221908678e-14,67.45577062162062,7.274873070917374e-17,2.0861221534105585e-15,-3.940038118457808e-12,0.5609728176035923,0.0,-9.560194292729265e-15,-2.651343476442732e-15
25026,N,42.0,-159.77242426861034,0.0,0.0,198.65093301432944,0.0,-2.0861221534105585e-15,3.940038118457808e-12,0.9133566752470553,-4.17224430682112e-13,1.912038858545853e-14,1.4140498541027905e-14
25026,N,60.0,-25.01654150248616,1.0315495082606905e-13,1.653724370125714e-13,27.959477688000597,9.821078645738456e-16,2.0991604168693748e-14,-3.669160497813834e-11,0.1053679974101656,-4.563392210585599e-13,-7.887160291501644e-14,-2.430398186739171e-14
25026,N,84.0,-0.6364703392955511,1.789093678389635e-15,2.930080172925233e-15,0.48722039446730925,2.2449803617284083e-17,3.5244055912111977e-16,-7.118232928854439e-13,0.0020342461030574063,-8.047053228487998e-15,-1.409755213088007e-15,-4.315337689522676e-16
25026,N,90.0,-0.24217589465805306,1.2598872900371452e-15,1.776159863065804e-14,0.16569592973257183,1.6446612460130587e-16,3.242758728214118e-15,-7.911819708084831e-12,0.0007196083418004356,-6.837448708382999e-14,-1.1060976746397457e-14,-3.906243676555927e-15
25026,N,108.0,-0.013078792842988953,1.2731804886945448e-05,9.680414693401026e-06,0.0062099866182212145,-6.300936709888559e-15,7.292941807081792e-06,-2.4524837488746545e-12,3.6420269101336084e-05,-2.6926433251495247e-14,-4.6687930044372575e-15,-1.5453224266180703e-15
25026,N,114.0,-0.005033414331917241,1.361302318917546e-05,1.0417841895235152e-05,0.0020833009339655904,7.54862799321477e-09,4.397678809620881e-06,0.0006355553609667268,1.4710976207150235e-05,1.0474611892337481e-06,4.807480702889476e-07,7.813491789643902e-08
25026,N,132.0,-0.00035561060714516365,2.199663622052737e-06,1.7627985559439223e-06,0.0001559535547224071,2.7387256798465707e-09,5.798050216867662e-07,0.00028801929318401535,1.1723275040934434e-06,5.266588134473455e-07,2.8795108685784877e-07,4.111209120100221e-08
25026,N,138.0,-0.00015622255325378458,1.0774199709219698e-06,8.833403567458678e-07,0.00027057900882905377,1.113149250044009e-09,2.8784406506566686e-07,0.00016588789601615662,5.270041944294408e-07,3.1391274602109556e-07,1.790714463977529e-07,2.4864913450188807e-08
25026,G,0.0,0.0,0.0,0.0,0.0,0.0,0.0,0.0,0.0,0.0,0.0,0.0
25026,G,12.0,-5.933225785782705,-2.0033378848599583,0.12042718347334962,6.307786822130746,0.0015927252384341744,-0.08310145692164272,0.0,-0.035882007275671146,0.012582052881065021,4.112725537899315,0.00030752697664779706
25026,G,36.0,-9.067033548922527,-5.753926333309917,0.6281653063943379,9.602921022961352,0.007814058509192694,-0.2797429839234359,0.0,-0.29769440228136046,0.1437295442676811,12.737170677100453,0.004680827882514748
25026,G,42.0,-9.498191518233865,-6.62147709159485,0.7788911633433235,10.335861803937222,0.009554586070867508,-0.3291371084458969,0.0,-0.3807023683719232,0.2131496320640211,14.798838204102916,0.0072942348702282195
25026,G,60.0,-7.88648467059361,-8.690517957648735,1.1895783328026341,8.669608568450652,0.013909467833642575,-0.45028652430642613,1.8540531243000884e-12,-0.5807484937540645,0.5166880031630269,19.658647572782073,0.02027445408457934
25026,G,84.0,-5.639528922756625,-9.849528403774357,1.502205451944032,6.191775221328896,0.016554170078851932,-0.5165088363591083,5.562159372900266e-12,-0.699729033434108,0.9040732202953639,21.869576505848386,0.04269286216692524
25026,G,90.0,-5.124384486447834,-9.8234286478276,1.5277217122582298,5.622355743905857,0.016565440550862127,-0.5120193537936036,5.098646091825243e-12,-0.7043974946311929,0.9817010196082067,21.535087605526996,0.04868344225824652
25026,G,108.0,-3.6974694927369196,-8.923340351059354,1.5023569393759297,4.040950250361135,0.01503600611593176,-0.4196539837746349,-9.270265621500442e-13,-0.638920762218758,1.109506991383265,18.679199356942615,0.06328406645487429
25026,G,114.0,-3.232982790663752,-8.302365367614547,1.5074161441386236,3.526896658522045,0.014114377081778347,-0.3698030714462434,7.783222081397988,-0.5875685316635665,1.118920558343218,17.284218349055873,0.06686908088251874
25026,G,132.0,-2.079933813119941,-6.445014016902016,1.3825114798007652,2.2569231080854353,0.011251333351655833,-0.2413346955717118,46.080243536739225,-0.42228667538953507,1.0832239347396038,13.373857042820022,0.07293439682634704
25026,G,138.0,-1.766849883973168,-5.852433879043605,1.3077004168867576,1.9144497053415648,0.010279252129631537,-0.20601310349385776,58.06742009868309,-0.372240267802224,1.0496575200553235,12.200474655698203,0.07308595299678619
25026,F,0.0,0.0,0.0,0.0,0.0,0.0,0.0,0.0,0.0,0.0,0.0,0.0
25026,F,12.0,-10.509451438677115,0.03723022161572236,-0.32595509563835184,11.610686455942334,-0.004266584191485622,-0.018066596324774416,0.0,-0.07600934124808492,12.837424819718212,0.040408891136681904,0.31452267885270974
25026,F,36.0,-4.922811385295692,0.13357286375319155,-1.065690930790164,4.920590608351348,-0.012868211410944654,-0.07446402735011573,0.0,-0.43737950748637466,26.22226570354452,0.39573920959374526,1.098547921597078
25026,F,42.0,-8.195628673857021,0.14182555669940677,-1.268491658294499,9.794672951196242,-0.014883226617658047,-0.0932331986552326,0.0,-0.5976914843240313,36.23780087478777,0.5722523590084672,1.3259214092411309
25026,F,60.0,-3.534613601426654,0.08499801474430012,-1.8451460213114228,3.9244044195992016,-0.019734495217724125,-0.155676877812788,0.0,-0.819191362535589,43.49784403467588,1.319921243667438,2.0031139448858535
25026,F,84.0,-2.5443621074423386,-0.15206173487869104,-2.4625825375424952,2.813277229010486,-0.023086908118946325,-0.2400699340603973,5.163168264762678e-12,-0.9280250088802988,42.96777238859276,2.602338332149873,2.7867375874113205
25026,F,90.0,-2.500173426880258,-0.23115490820971787,-2.6124076645905507,2.768843675307083,-0.02343260748886414,-0.2622581825936439,3.442112176508452e-12,-0.9538392114629315,42.70036928064137,2.9580687888633093,2.98450954508622
25026,F,108.0,-2.417206105206592,-0.4485425684744786,-2.9788586188986814,2.68060259591338,-0.02354615901717159,-0.30082119710956046,6.884224353016904e-12,-1.012120497877315,41.86336582268946,3.986813142388451,3.5315744207842936
25026,F,114.0,-2.3768001609197054,-0.4396285661583372,-3.0308258548454563,2.6357356891055774,-0.02323547817919094,-0.30174002799577493,6.219176013117271,-1.018728371242836,41.56260765089929,4.288745896444044,3.6990030961029134
25026,F,132.0,-2.2158218089483617,-0.3676697230535536,-3.0944793842225016,2.45622127200256,-0.021750071732026022,-0.2943583348101789,52.14269702527909,-1.013624556320566,40.83459866853557,5.027365319622902,4.103279972970815
25026,F,138.0,-2.1474297873940142,-0.3253109349304041,-3.092491403679441,2.3800861993890083,-0.02110553488102923,-0.28880273869149464,75.3405976092287,-1.0079570122298989,40.61395605671873,5.228738860867445,4.215920510101177
25026,E,0.0,0.0,0.0,0.0,0.0,0.0,0.0,0.0,0.0,0.0,0.0,0.0
25026,E,12.0,17.865640618827896,3.9647897065787245,1.7365520716415666,-18.913429229244855,0.02269630722289829,0.28410636057351635,-1.7788895536789892e-12,0.10545443435453888,0.13781451839586195,-0.14159081401628656,0.003394395393544597
25026,E,36.0,32.14332970476522,11.199116805756066,5.19387152154946,-34.221917542409415,0.06223965564515805,1.038738123442419,0.0,0.9800843510506924,1.0885364144889553,-1.1693521529030817,0.0390104200757087
25026,E,42.0,33.63986142163843,12.946242977403628,6.120928956177156,-36.4988171538301,0.07095353993889264,1.2559444313800567,0.0,1.269704101575443,1.7133573239021298,-1.5689556219575962,0.06366281453915165
25026,E,60.0,31.181084108368125,17.527115928090094,8.80866804186272,-34.393545466683534,0.09176962612514632,1.8867262215584566,-7.115558214715957e-12,2.1012948134548988,4.405434102368928,-2.7139485473145357,0.19066872821976483
25026,E,84.0,25.66709009952414,21.179214244801752,11.987076506813052,-28.3253871342997,0.1073850725697552,2.530788466732035,-2.8462232858863828e-11,2.8861626130792435,8.299244111037213,-2.186038254142757,0.4622269755403969
25026,E,90.0,24.374371626287605,21.529259169206604,12.870632656677019,-26.8980361057697,0.10970063102100154,2.6532507954400937,-3.557779107357978e-11,3.0306644865566605,9.626790902671111,-1.016544261871622,0.5741145399160317
25026,E,108.0,20.835761048302665,20.730505589356103,15.258532379795986,-22.97765850424666,0.11434964473783386,2.698321181649077,-4.269334928829574e-11,3.1878031901467385,14.037681012667225,4.8343188108247235,1.0005583832561908
25026,E,114.0,19.596201808466258,19.341295396297795,15.64209787270405,-21.60387561224022,0.11469478838680966,2.6072026654496323,-49.883357430561496,3.106455174987576,15.732379827182777,7.460605672044975,1.1848215532313449
25026,E,132.0,16.192933893627384,14.965450979926601,16.537791109684882,-17.842240465500428,0.11269641464152333,2.320453153730846,-375.1256063085416,2.7056105814810762,20.029537083156132,14.43675212197948,1.7134542181667576
25026,E,138.0,15.134331276806362,13.466991381038884,16.77141389911642,-16.67690626580791,0.11120634259069952,2.2232661995150673,-522.9405806383941,2.5612203689059085,21.41286193114064,16.490525283614986,1.9025712735878513
25086,X,0.0,0.0,0.0,0.0,0.0,0.0,0.0,0.0,0.0,0.0,0.0,0.0
25086,X,12.0,9.915934023631703,-3.624083561496046e-06,6.650187234456488e-06,-13.697344189434721,-2.3245872127286007e-08,-7.602541326972561e-08,-0.0009630871539657671,0.11283574078352346,7.921682445563076e-06,-3.289640921787952e-05,-1.3485671222207498e-06
25086,X,24.0,24.44669459122639,-8.88672487635284e-06,1.6046237992710448e-05,-29.541466920834957,-5.7234097069922453e-08,-2.0214815136515695e-07,-0.0023613289535600254,0.3547204831645497,1.965301080123407e-05,-7.81551647306894e-05,-3.36825523409413e-06
25086,X,30.0,27.49788279010859,-1.1936688696219948e-05,2.12507627484164e-05,-31.946700076302722,-7.55116794891878e-08,-3.9567272763229007e-07,-0.0031669548212640798,0.6140039938012593,2.6600487007903656e-05,-0.00010236887750376691,-4.593401476156253e-06
25086,X,48.0,6.579832053991402,-1.720656246551447e-05,2.782480235760046e-05,-5.732049705996457,-9.345890146072314e-08,-4.3098646024014395e-07,-0.004409175258589976,1.1063132963132079,3.807346964241113e-05,-0.00013324328459600883,-6.676945142232258e-06
25086,X,54.0,3.1898284743306187,-1.896234764707696e-05,2.7968063992256844e-05,-2.5345795520597565,-8.612803805085516e-08,-4.6910671847937946e-07,-0.00466139934357038,1.1438744457138328,4.088217342565575e-05,-0.0001401238591567104,-7.290728426420676e-06
25086,X,72.0,0.32363591523060603,-3.0331151470660428e-05,2.238951675065221e-06,-0.19505142831767305,1.8715461352876713e-07,-4.969529908721101e-07,-0.003953072656760761,1.169219489738676,4.5334018116588494e-05,-0.0001533204827754362,-1.012838385665151e-05
25086,X,102.0,0.005980647269886156,-0.00017524137175366943,-0.00031644629551256755,-0.0019466802518244269,3.905285886900879e-06,2.062106699841557e-06,0.02629115783206485,1.1711740734027327,-6.762457135620391e-05,-9.798631295412982e-05,-4.7365413360720854e-05
25086,X,120.0,0.0014949380081555922,-0.0002860588374215882,-0.0002892985603184115,-0.0003468695889944477,3.8794857897905e-06,9.161148956435397e-06,0.05109415049300755,1.1712076041183475,-0.0003137994715683366,-4.2086402182551324e-05,-0.00010889484964630331
25086,X,126.0,0.001368382724409651,-0.00031006484467933486,-0.00026681054804088543,-0.00039201307418947556,3.561692924047159e-06,1.1672192094690833e-05,0.053867759596087285,1.1712163689738007,-0.000391204260455614,-3.885725878867579e-05,-0.0001266946199240309
25086,X,144.0,0.0013794289809934367,-0.0003707371428796326,-0.00019574455054899122,-0.0006940549736378907,2.3529580747697534e-06,-0.1820776453409764,0.05959883001192578,1.0478712694363919,-0.0006247298115136458,-3.26027523581373e-05,-0.00017721459007205556
25086,X,150.0,0.0014093523955308299,-0.9597387206265293,-0.7641292311183261,-0.0007963164117315253,1.966205458515845e-06,-0.38090079919291847,0.06060563471869102,0.9131433278011055,-0.0007035724115433237,-3.735052896323543e-05,-0.00019381401315528624
25086,X,168.0,-4.879623589335065,-3.592306417648154,-2.905316261215497,0.41405887741828157,-0.046316519615311406,-0.6179129121425451,-221.0021076323518,0.5423792168224107,-0.2375362846202861,-2.907506996393145,-0.022904743459145616
25086,X,174.0,-4.905020020520899,-3.6581113314350353,-3.737408010954891,0.6532142963090896,-0.04620612121427304,-0.6337354762996702,-353.8610247780381,0.40015274945479085,-0.38964401340542343,-3.02317000204939,-0.03800116007199417
25086,X,192.0,-4.863226189259555,-3.72946070794122,-4.789474425628833,1.2443347243867624,-0.045227809246894936,-0.6661740131650085,-709.4285685632199,0.16853635337111383,-0.8504471523558356,-3.4111089531327976,-0.08687767075414138
25086,X,198.0,-4.418128826167353,-3.497337207988376,-5.040055492572933,1.9373876929160219,-0.04067235055469234,-0.6616647933680276,-1177.0951780020291,-0.031275650722464285,-1.6059787134062151,-3.9366807068307548,-0.17654216446766605
25086,X,216.0,-4.148343477843857,-3.3165301740341753,-5.088781356574978,2.1658231663950915,-0.03813416221120639,-0.6485397031597351,-1348.9019749086242,-0.10811174777899882,-1.9224274896988602,-4.143929599819757,-0.21661058259697083
25086,N,0.0,0.0,0.0,0.0,0.0,0.0,0.0,0.0,0.0,0.0,0.0,0.0
25086,N,12.0,-118.96827680714522,-4.9397329384155816e-05,8.924401446073564e-05,164.3343470458201,-3.1926973570304186e-07,-1.7557456352639412e-06,-0.012908956773333886,1.5979735185758168,0.00010531956250163206,-0.0004285269669666407,-1.796165949981455e-05
25086,N,24.0,-293.30163318656395,-2.769080476974492e-05,4.510897119659369e-05,354.4243307088431,-1.6834538872082834e-07,-1.2957708185641588e-06,-0.007282372383424881,3.081338503233982,6.428594862398843e-05,-0.00019867270110690132,-1.1803954024717707e-05
25086,N,30.0,-329.9085464672853,-1.1196767897341245e-05,1.4536345986223908e-05,383.2812082662392,-4.723346285338655e-08,5.310401950309928e-07,-0.0028652041474840537,2.9710796713273724,2.806488441660848e-05,-4.796696832937627e-05,-5.4371505584586825e-06
25086,N,48.0,-78.94519868310812,-9.312069434800779e-06,4.359128841239457e-06,68.77142568879323,5.549189080963073e-09,-3.79388733065764e-07,-0.0016757289691951727,0.468850513592089,1.7221865944543156e-05,-3.1566980928877306e-05,-3.3514494239743183e-06
25086,N,54.0,-38.27388162250208,-1.2407070155686009e-05,-1.342196469545758e-06,30.409890019027618,6.609918964390055e-08,-2.7589885615183453e-07,-0.00161195600372957,0.20458561878292397,1.8860250766906e-05,-4.186241258446726e-05,-4.269693597923238e-06
25086,N,72.0,-3.8870279584554406,-4.403790680078733e-05,-0.0001229720117864426,2.341672453934725,1.275512615749653e-06,3.3810689993906383e-08,0.005622444870169307,0.015946551959599792,1.3275606669281182e-06,-1.5122103963588174e-05,-9.533399811353446e-06
25086,N,102.0,-0.06845935529465921,-0.0004052796339989912,-0.0003464621240898871,0.024642499692328648,6.954116972953482e-06,8.789894995187582e-06,0.09630948324661692,0.0001664339231876469,-0.00044135027670712604,9.019292943645622e-05,-0.00013606714748671189
25086,N,120.0,-0.0038297133103965177,-0.00022480189916938617,0.00015604240393810777,0.0002956997143128483,-1.988529767305385e-06,1.9895752769128402e-05,0.04516088155688419,5.898102944059904e-05,-0.0006286213814279496,0.0001565252986666104,-0.00014957438094851929
25086,N,126.0,-0.0012123502120107465,-0.00018287639521513886,0.00017140141298009986,-0.0005274600659840831,-2.4221427666095486e-06,1.9028346334784305e-05,0.021150370460858076,5.722474022065464e-05,-0.0005897484970226921,2.516577685146866e-05,-0.00013559293357877304
25086,N,144.0,0.00026020141898503866,-0.00015252806167316565,0.00018647395591639594,-0.0010701293276670736,-3.1912451812695423e-06,1.872218176901947e-05,0.018216242011356434,6.070746235347243e-05,-0.0006122003224011217,4.690006319013481e-05,-0.00012972724211390743
25086,N,150.0,0.0002870389574756158,-0.00013558126430612602,0.00018368449405783575,-0.000978480230785752,-2.9723518676502343e-06,1.7780103469521612e-05,0.007742578154980883,6.131673355937708e-05,-0.0006052333677811918,-3.609868260293443e-05,-0.00012741103162683615
25086,N,168.0,1.3998790603101526e-05,-0.00014435008125754294,0.0003459078011362675,-0.0014675511205801666,-3.417926569348314e-06,2.1612035016507772e-05,0.0005739460173671877,9.497850385789724e-05,-0.0007065352997264756,0.00016858157464892039,-0.00015156685489280683
25086,N,174.0,-4.1236139325195325e-05,-9.118348685665221e-05,0.00033599193064864344,-0.0012850305115543529,-3.849453550364495e-06,2.1087019229943362e-05,0.0003550912760080104,9.47576323192892e-05,-0.0007135149073412943,0.00013723189980169884,-0.00013690894362560025
25086,N,192.0,-0.0002179139853824323,-3.9880968992312656e-05,0.00040565562554165774,-0.0012915807577195588,-5.235640162076022e-06,2.3503978337993207e-05,-0.011175998087642101,0.00011172395359267775,-0.0007386176955607438,0.0001618193938901757,-0.00012884885534731547
25086,N,198.0,-0.00031024601439882086,-4.6364018671114e-05,0.00045695306159708,-0.0014728486285476097,-6.071274085911138e-06,2.5782540031661192e-05,-0.003924705565301592,0.00012310044046377375,-0.0006959674163164094,0.0003042558651615873,-0.00012706156884262454
25086,N,216.0,-0.00044606030384531335,-6.098081656920662e-05,0.0005077698789967037,-0.0017238363496621986,-7.771264568005271e-06,3.327404990737181e-05,0.0026957575425935218,0.00012994718093166282,-0.0004827762734394719,0.0005490102785651323,-0.0001234501042887767
25086,G,0.0,0.0,0.0,0.0,0.0,0.0,0.0,0.0,0.0,0.0,0.0,0.0
25086,G,12.0,-2.787661456059418,-1.3127747162528483,0.06402787655411858,3.8164235310415817,0.000819669533471167,-0.0671684370021747,0.00026955456895591724,-0.03170381915577586,0.005281448635534293,2.6195494488547597,0.00015961331736805856
25086,G,24.0,-6.652951887752134,-2.725574565354774,0.18021663130908822,8.520334706513008,0.0022950118330364914,-0.14463170941678236,0.00068649513871013,-0.09293868321989722,0.020236190376336984,5.610603061567547,0.0005947710279801981
25086,G,30.0,-8.852718859853503,-3.5924827150224097,0.27707559977785334,10.881029612249908,0.0034895064802594462,-0.19288235164773715,0.0009562421027587559,-0.15228032012641848,0.04267518762136285,7.525489566757593,0.0011996173737650806
25086,G,48.0,-9.16750833650691,-5.817845330564685,0.6007214063938405,10.511993903033556,0.007283694567344797,-0.32201728137596736,0.0016510027864320626,-0.34765109518999054,0.15806703222327123,12.614782062511326,0.004837881524791444
25086,G,54.0,-8.586024232742451,-6.401242373420702,0.7018039323785479,9.789996775530916,0.008402256144215204,-0.3562518624693681,0.0018489507645398555,-0.4003351884937565,0.20334938095993269,13.96508735915692,0.006565342509683197
25086,G,72.0,-7.066406287384097,-7.6616499290105455,0.9501073137688594,8.033377469050134,0.01103233644124672,-0.4313862203612548,0.0021941178953512348,-0.5120222221066892,0.32731147017910334,16.863244552058784,0.012186037658620733
25086,G,102.0,-5.015906459333726,-8.575489096144159,1.2124813724729222,5.694377826608584,0.013242957642183202,-0.4754818890040805,-0.0009321180780170667,-0.5985240132009826,0.5056442394938376,18.488652042566887,0.023930892316423355
25086,G,120.0,-3.973722152617893,-8.272583487797329,1.2360107426315292,4.497441543779815,0.01298320957761407,-0.44425243164566236,-0.005507813230984363,-0.5843216187856919,0.5602869271256128,17.22772838142956,0.030050150348096244
25086,G,126.0,-3.623593919884553,-8.007675123298233,1.2143368889485822,4.094757742398231,0.0125829727726832,-0.4222843500535318,-0.006656183515109913,-0.5670292800174931,0.5650053865029977,16.43313119234602,0.03154849412393122
25086,G,144.0,-2.6436052095338773,-6.894459966019087,1.0752784362317804,2.9689760303635055,0.010699898656424931,-0.3326292488624693,-0.008505211089826114,-0.48633604093158445,0.5364863255261755,13.554655597698185,0.03341730101655691
25086,G,150.0,-2.3267742759056445,-6.41552141051099,1.0171956701135827,2.6065689065878606,0.00984084240090962,-0.29353911615615735,-0.0085929359302137,-0.4485551173452983,0.51146226604098,12.474353607720914,0.032979255328533005
25086,G,168.0,-1.3937830576914207,-4.947695415065137,0.8526274455250661,1.7030236879065768,0.008291556303348727,-0.18948899650480297,4.305375298326559,-0.330082016824919,0.41622287078372233,9.543520518293876,0.029476349259044916
25086,G,174.0,-1.1433923097842469,-4.466728846214295,0.7944901210576237,1.4434836587906856,0.00770339324428721,-0.1601828602598166,7.098574509071025,-0.29011340766082855,0.38211359587906685,8.637495810219786,0.02793792610034102
25086,G,192.0,-0.6143972646328206,-3.2382010951461204,0.6195370275829818,0.8588640614069223,0.005798406245890866,-0.09539594379348786,14.873428912967755,-0.18877667479617413,0.28828497614463505,6.371415330375764,0.022999169931097962
25086,G,198.0,-0.493918465166584,-2.8580873151489614,0.5652656667476211,0.715426888656574,0.005200899296998239,-0.08003695573141595,19.442570550727233,-0.1605752789833686,0.2658466386933037,5.694626710720765,0.022055821492484633
25086,G,216.0,-0.2864763661149587,-2.1663574712294076,0.45561984647653003,0.4579107185432464,0.004002565515498086,-0.052237792938064076,26.633827702415257,-0.10916247265627588,0.21862919493316718,4.46751589921843,0.019501800320521782
25086,F,0.0,0.0,0.0,0.0,0.0,0.0,0.0,0.0,0.0,0.0,0.0,0.0
25086,F,12.0,-4.768912799368724,0.01666398953919596,-0.2211365677322352,6.581865385158628,-0.00282849786457785,-0.015331500510715341,0.0004512009550724798,-0.05426373995127543,7.034926224999916,0.026176294719251494,0.21051769327389422
25086,F,24.0,-11.754948506278275,0.041305097048423806,-0.4710754187761699,14.335013207128736,-0.00597914814199515,-0.034438238400560754,0.0011300346175944344,-0.1696485847051719,17.56042617891653,0.08826663459948775,0.45846931519285417
25086,F,30.0,-13.65440052782273,0.05734696362151045,-0.6443735236367695,16.036274552947834,-0.007965998556302704,-0.04858153021952708,0.0015389041673301174,-0.29338165824918166,24.819004459589134,0.15908125117590172,0.6369212999376869
25086,F,48.0,-5.431738512488913,0.07152266526956003,-1.1431821042776686,5.516401564658659,-0.013225160909530036,-0.0953969277562362,0.0022879262628018003,-0.5597358587137428,32.9031687712233,0.5137056220391536,1.1759866807539316
25086,F,54.0,-3.9944380945559197,0.06167761354675279,-1.295944457236538,4.137970109169956,-0.014643654876005899,-0.11153112083270544,0.002475753779230389,-0.5963641659128202,33.268627049171805,0.6715079468726871,1.3480732286547752
25086,F,72.0,-2.705557686544905,-0.00966966538503937,-1.6725827640801036,3.0450570093605682,-0.017874813861398293,-0.15681703290848395,0.0023834158535310937,-0.6632025545013641,33.334269634236435,1.2035885894133016,1.7892387610897633
25086,F,102.0,-2.4687188149360897,-0.24817388994658754,-2.2833912952258286,2.84661839337896,-0.021054560726435224,-0.24141410399598795,-0.011226282692274882,-0.7657606662396769,32.93357161544756,2.384126938243684,2.5495676459343413
25086,F,120.0,-2.4360527443500155,-0.44031841450449305,-2.605870878042768,2.8107652302992663,-0.021741547170574017,-0.292180013357865,-0.024107274896565223,-0.8259123293229433,32.675332875900146,3.148394598694973,2.9771745977109707
25086,F,126.0,-2.42464938171723,-0.506358865395421,-2.7127995133179055,2.797538631921021,-0.02178894424085024,-0.30907157775037886,-0.026267498816550175,-0.8460847924878239,32.57909106271526,3.397944941827408,3.121536596626468
25086,F,144.0,-2.3931489895080156,-0.6984415622670227,-3.004251331408561,2.760207104204509,-0.02157612574480081,-0.3521080809757416,-0.03165364597909428,-0.9003643380135156,32.30469385294715,4.081672720340286,3.524271520806477
25086,F,150.0,-2.378991622780802,-0.7375067345022199,-3.0837271051165045,2.7433912316869353,-0.021392297445942725,-0.35868468904221296,-0.03310210316053877,-0.9136394412984613,32.20510300277497,4.285552153010465,3.656482631269114
25086,F,168.0,-2.077509383619367,-0.7213908957039591,-3.2049761257568674,2.674012116720421,-0.018809874325062925,-0.36054986186279536,7.4748944333136595,-0.9341516368625273,31.93567273160692,4.886568387057729,4.008978901562182
25086,F,174.0,-1.9713138710613605,-0.6941090424789799,-3.2202960818570037,2.639691674854339,-0.017718908585808605,-0.3592658571731108,13.85703008666752,-0.9362556765190229,31.842059549821936,5.080686626534864,4.121252471676345
25086,F,192.0,-1.665290115494668,-0.5894716563198051,-3.2031078039196292,2.515660134059301,-0.014627507608267575,-0.3507991983105743,44.72317266691527,-0.9314199800937216,31.59080299123579,5.576215616878174,4.419234167149536
25086,F,198.0,-1.498783606769321,-0.4917721888447732,-3.147049251596138,2.4102365798024,-0.013038950196235827,-0.33803497602322263,80.16943939349585,-0.9179785022570816,31.37880014269605,5.744565457915339,4.530931930546817
25086,F,216.0,-1.247533034872901,-0.36142950700234583,-3.0452279140125844,2.2496953240128468,-0.010607347551309355,-0.3199949246675114,145.21533016481487,-0.900369023135553,31.2425984544038,6.103718309329869,4.729245590550307
25086,E,0.0,0.0,0.0,0.0,0.0,0.0,0.0,0.0,0.0,0.0,0.0,0.0
25086,E,12.0,8.609950658796523,2.645098662861806,1.2150854912803923,-11.787262533363661,0.01554063069905876,0.23406959015536655,-0.0008349474582699289,0.09792042281524922,0.05625935490789914,-0.09275519719416672,0.0016966882244958215
25086,E,24.0,20.696540769524184,5.4479876658971005,2.497298290486357,-26.755612276094702,0.03168189145604853,0.5125948598587647,-0.0021573129703621,0.28756297853695945,0.19722100037229742,-0.30485308091235824,0.005704587335348877
25086,E,30.0,28.572087725030478,7.15903748999448,3.352943255393817,-35.41517544321856,0.04131749718370555,0.6996256143269101,-0.0030747023516625705,0.4774948090293069,0.4258508770650716,-0.5183305108954263,0.011728486953251094
25086,E,48.0,33.73431821021551,11.695380173858387,5.726877750066446,-39.07255625162156,0.06556065374760779,1.2539675327069657,-0.005734375795495499,1.1848149929293637,1.3720509090885071,-1.4429326948587538,0.04430380790333559
25086,E,54.0,32.628397275186984,12.958634657068536,6.451670563003624,-37.52765477968793,0.07192474778216063,1.423239227028321,-0.006589853309592175,1.4077164388753178,1.7102943639874757,-1.7808368975713915,0.05981620745318998
25086,E,72.0,29.057173531626994,15.965412408740821,8.246290399646503,-33.26709618849187,0.0863192822277811,1.853633433384565,-0.008497108145402646,1.9466900385521,2.5414867580675113,-2.719506446078385,0.10859063186932982
25086,E,102.0,24.052558593698485,19.150346249130326,11.46943489865115,-27.550313552046905,0.10156092191177474,2.452903841873281,0.0009301843930776594,2.6761442670703977,4.409177334708748,-2.1790491063093786,0.26169550668607755
25086,E,120.0,21.621016837814178,19.543959218786803,13.422755459857067,-24.758366299440784,0.10664685190623713,2.6897729560663235,0.02218946690395282,2.9651712594254094,5.707570905447625,0.43765006528622935,0.3963620595942911
25086,E,126.0,20.797717950152954,19.338456193832165,14.13351571508546,-23.810359148632926,0.10790075818031973,2.744054418180859,0.029779846887581427,3.03466775257723,6.23472417169964,1.85936171908244,0.4556803334145671
25086,E,144.0,18.496149463156723,18.01977902605013,16.24135048294471,-21.159016323991192,0.11090931582076477,2.813235280048281,0.04918684585032726,3.1463915869276784,7.844182204927321,6.738408194942209,0.6524490727674369
25086,E,150.0,17.72870921680715,17.215329397714505,16.870451444315012,-20.277352957185204,0.11170294789371535,2.7741342162665363,0.05472838347189039,3.133734375502449,8.469646825230624,8.58181467442131,0.7341971903819794
25086,E,168.0,14.084590811940442,14.023677974573829,18.081522969623208,-17.925478381931313,0.10089234845015699,2.5858854901014903,-49.1560959500189,2.9803343231929684,10.244143771719333,13.025690972037589,0.9877679577387112
25086,E,174.0,12.968577525477738,12.857556926786728,18.35720560019083,-17.16853395789377,0.0961831821724016,2.5238386157215453,-89.12523188314499,2.902135706193621,10.872295956784674,14.312304112572896,1.0840652322931847
25086,E,192.0,10.170708936347504,9.693518813919704,18.83260227552529,-15.202522410593565,0.0833750690870961,2.360041323824198,-269.408380160128,2.6472920208201534,12.588208087666231,17.417963839553533,1.371414421775397
25086,E,198.0,9.000959842016947,8.344168475586331,18.733367171210915,-14.295559036782977,0.0759833900631078,2.264732017532772,-467.1607108107098,2.505347878760348,13.952312409607952,18.26970908353526,1.615896426160358
25086,E,216.0,7.202267154442735,6.183442933988315,18.56600832144426,-12.851730065598826,0.06539655765906852,2.122354446901208,-824.8898471661842,2.29156615876683,14.939394230921826,19.45746328008723,1.8317690048357
25150,X,0.0,0.0,0.0,0.0,0.0,0.0,0.0,0.0,0.0,0.0,0.0,0.0
25150,X,6.0,5.681845195947364,-1.7795785128727718e-15,4.523976249085801e-09,-7.333904730062016,0.0,0.0,0.0,0.019150972043746727,3.373945696838936e-14,2.5849336065402435e-11,-1.1434918642146484e-15
25150,X,24.0,26.454879430867614,7.385250828422003e-12,6.503690073355426e-08,-33.25425651749022,-2.985705301748174e-13,-3.168135009331759e-12,-3.772423864529681e-09,0.3710936413794207,6.606185674410636e-11,4.1615049920571236e-09,-1.3808807752256092e-11
25150,X,30.0,27.642245999798707,9.510067572792094e-12,9.589010602385527e-08,-32.78728186343283,-3.8880685266144775e-13,-4.086523028011317e-12,-4.933463776889998e-09,0.6570950633731539,8.421368459309984e-11,2.8031392353770574e-09,-1.7737845797697626e-11
25150,X,48.0,5.807887592619105,1.3631571408605434e-12,1.5622246308217148e-07,-5.0818138299460385,-5.4028841210701515e-14,-5.830178164137678e-13,-6.805656566415032e-10,1.1262335435127797,1.2213683422556946e-11,-1.6341456095706738e-10,-2.5431259060133776e-12
25150,X,54.0,2.7469105230419477,6.335299505827068e-13,1.7234199564150123e-07,-2.19235586965934,-2.472399934612822e-14,-2.726148123045859e-13,-3.0969560779753795e-10,1.1582549823459385,5.80318659856297e-12,-1.9585997715496214e-10,-1.1983794736969513e-12
25150,X,72.0,0.2623135457770641,6.050566943767424e-14,3.310437270069537e-07,-0.15801443388708905,-2.2590456255345577e-15,-2.6316776435343687e-14,-2.803828547961249e-11,1.1790699122128525,6.073102254310084e-13,4.5816935416318036e-11,-1.2121013760675272e-13
25150,X,102.0,0.004502860812962957,1.4236628102982175e-13,1.5925201369287392e-05,-0.0015791538342204852,3.7650760425575965e-16,-3.373945696838934e-14,6.3723376090028384e-12,1.1805674031272149,1.0121837090516807e-12,1.7674897142650336e-10,-1.372190237057578e-13
25150,X,120.0,0.0003966496292622024,2.2066773559622372e-13,5.4009532437686555e-05,-9.781754498296242e-05,-1.5060304170230386e-15,-6.882849221551425e-14,-2.5489350436011358e-12,1.180581978501521,1.9568885041665828e-12,5.727735406189543e-11,-2.858729660536621e-13
25150,X,126.0,0.0001755656433516143,2.4415817196614433e-12,6.586110561552811e-05,-3.836670493115217e-05,1.417551130022935e-13,-0.23302585204840867,2.4087436162030734e-10,1.1805825871956332,2.8880975164941293e-11,1.0986045137689759e-10,-6.053645929152348e-12
25150,X,144.0,-5.759120402891387,-2.344483297357394,-2.6918902544836385,0.35147823549704676,-0.02079437288596085,-0.6999551537715367,-156.55846318390454,0.690718913217124,-0.22656243206599072,-2.017379298829697,-0.7379751210161446
25150,X,150.0,-5.812679012134547,-3.5612942732748225,-3.6360936929705763,0.6849707061883022,-0.02172337650569515,-0.7107152795802104,-312.35601240911717,0.5214929924564943,-0.46900907533952046,-4.129994620115566,-0.7315197078246308
25150,X,168.0,-5.7318168187556555,-4.653622752666315,-4.766742882719457,1.6194079606696026,-0.024060166209494773,-0.7228410077066557,-796.3752809297,0.21479760481942456,-1.3489611017181105,-4.492503444553379,-0.7115891911384465
25150,X,174.0,-5.633245004432591,-4.579814867640392,-4.847059091538528,1.8521995100931186,-0.02451284063653992,-0.7191139903041095,-930.669378567254,0.15580800209583578,-1.6322118725324355,-4.614063115665483,-0.7059973080449904
25150,N,0.0,0.0,0.0,0.0,0.0,0.0,0.0,0.0,0.0,0.0,0.0,0.0
25150,N,6.0,-68.16789795660132,0.0,2.4251320355725196e-07,87.98847065014962,3.879932304489266e-16,0.0,0.0,1.1541176769350563,-4.17224430682112e-13,-3.100562213017955e-10,0.0
25150,N,24.0,-317.39223074642234,-8.86417369445133e-11,3.2238392386712594e-07,398.9677097369349,3.5823414967349395e-12,3.80133178794472e-11,4.524739775236947e-08,3.2686475262047145,-7.931436427266948e-10,-4.9927579322898194e-08,1.6564179990960088e-10
25150,N,30.0,-331.6376528437557,-1.1418015197035931e-10,1.9315914434786122e-07,393.36518459443306,4.665424599533118e-12,4.902387060514813e-11,5.91872526154732e-08,2.851769113045085,-1.0117692444041214e-09,-3.36307367606315e-08,2.1281450304246994e-10
25150,N,48.0,-69.6800907281773,-1.6395447884295416e-11,1.0530096366512129e-07,60.969025844156036,6.491732984833119e-13,6.995158728289368e-12,8.161542710002947e-09,0.38595179996200235,-1.4733237708462078e-10,1.9606261559900765e-09,3.051828908559407e-11
25150,N,54.0,-32.9560397675383,-7.692608532936055e-12,1.1175027542453392e-07,26.302774196328883,2.975968701485525e-13,3.273451615287637e-12,3.7095458885280263e-09,0.16388980688262042,-7.025668264783e-11,2.349859906424256e-09,1.4375142438693086e-11
25150,N,72.0,-3.1471049288562583,-7.893502799669826e-13,7.73618705136646e-07,1.8957770642132403,2.7555855153934215e-14,3.285194201315233e-13,3.3332568574414056e-10,0.011895876699989141,-7.417549570867039e-12,-5.496320014729462e-10,1.4551042507458333e-12
25150,N,102.0,-0.05402304107635567,-1.7672709664780616e-12,6.932262635693803e-05,0.018945887069585977,-3.790630395796462e-15,4.1418256179932877e-13,-9.090560604168377e-11,0.00013188088903146904,-1.2627411734052966e-11,-2.1205629981154535e-09,1.6342192460897753e-12
25150,N,120.0,-0.0047588011496940245,-2.739981973293333e-12,7.494573979206923e-05,0.001173565311866884,1.7921655434496467e-14,8.289319904327406e-13,3.834754478492629e-11,8.865455452097227e-06,-2.4024697251314526e-11,-6.872073291104276e-10,3.4308728531068237e-12
25150,N,126.0,-0.0021063475766254086,-2.9354490313423543e-11,9.007914075425844e-05,0.00046030427424294804,-1.7010685801406467e-12,1.2041304071530659e-07,-2.905657714125985e-09,3.592479848156363e-06,-3.477094134647183e-10,-1.318029469452138e-09,7.260826174959143e-11
25150,N,144.0,-0.00018481656040512324,1.0999648617013314e-07,0.00011125830432826994,2.863997539327427e-05,6.441652222240523e-10,7.378783110257987e-08,5.092234298754675e-06,3.3533413401693747e-07,3.4099495599109245e-09,1.661811327666205e-07,2.4340351685446776e-08
25150,N,150.0,-8.38237215003078e-05,9.03344709747444e-08,0.00011173645212628681,1.1787519358218606e-05,5.484981358032418e-10,4.2639690115158964e-08,6.287796099303953e-06,1.8144463585769235e-07,5.774796905518627e-09,1.4556861111357453e-07,2.0724910584081276e-08
25150,N,168.0,-8.864676913468793e-06,2.0728143651687302e-08,0.00011300632226329433,9.285195662718381e-07,1.1253657842648596e-10,7.086258728204613e-09,2.5001402010688642e-06,4.96552739510646e-08,4.779302877796683e-09,6.647367824680137e-08,4.771055406082396e-09
25150,N,174.0,-4.441078446517097e-06,1.1506071446942073e-08,0.0001113320023808521,4.2013332351951456e-07,5.959645856227277e-11,3.950351777138206e-09,1.546862286369511e-06,3.5575214157835406e-08,4.759514155890342e-09,4.232656365391169e-08,3.674980481836897e-09
25150,G,0.0,0.0,0.0,0.0,0.0,0.0,0.0,0.0,0.0,0.0,0.0,0.0
25150,G,6.0,-1.2148042628822209,-0.6417610368041993,0.017996043323635073,1.5628377771556565,0.00022608573383101012,-0.02659305261825569,1.8540531243000884e-12,-0.004096227907382719,0.0008941920444185851,1.2297283603471456,2.7371514986683932e-05
25150,G,24.0,-8.021165310958127,-2.984551767342429,0.21189024053401787,10.3096808408328,0.002570799472251325,-0.13894289907836208,6.118375310190292e-10,-0.09263534220354729,0.027572049126349,6.164378056432638,0.0008729944623671161
25150,G,30.0,-10.27453895819399,-3.9267664659577926,0.3335350301056331,12.731222486522492,0.003981323429719756,-0.1889864951877908,1.1142859277043533e-09,-0.16347426337321053,0.0628937680603865,8.281287746629134,0.00193425518906133
25150,G,48.0,-10.031553291548406,-6.26560512278962,0.7132263842414032,11.659509908197538,0.008149550891488958,-0.321018593604582,9.548373590145456e-10,-0.38051068465728877,0.2382333665103813,13.689568030394687,0.008172441658090305
25150,G,54.0,-9.295235978505305,-6.870274772832174,0.8274334816666051,10.750185823277592,0.009309239443100092,-0.35546514181005995,8.213455340649392e-10,-0.43783612882260337,0.30833625892084715,15.085724519660106,0.011228810746532937
25150,G,72.0,-7.435075029456142,-8.110419192075547,1.0973604207941898,8.574082802483888,0.011840798236879314,-0.4276045545221134,4.959592107502737e-10,-0.5544094188822432,0.5038468597796396,17.875787730095645,0.021554495654862105
25150,G,102.0,-4.9874874294128935,-8.546755214709219,1.2977820149930477,5.735623484277294,0.013025006608544843,-0.44370210219244155,8.352509324971898e-10,-0.6119034342718666,0.7476636176185579,18.178021632592074,0.04098987711725883
25150,G,120.0,-3.7790044735888313,-7.852044418269427,1.2443463347523014,4.326327772796064,0.011970050332064915,-0.3912579465403738,1.5745546158118504e-09,-0.5686961550411185,0.7923309308478527,16.03859632935792,0.049177323820242716
25150,G,126.0,-3.382512568909013,-7.4630019871145095,1.192872717439273,3.8643473555537957,0.011312552716909521,-0.3584561888977625,1.7873072118252854e-09,-0.5412074555955456,0.7837974931937425,15.024404890401046,0.05060121542421741
25150,G,144.0,-2.202849452571099,-6.0267360473055,1.070328910330211,2.6106035027429755,0.009171275432208331,-0.24206557424648312,2.6534045783663465,-0.4257032368247444,0.700384547790812,11.792044584728664,0.06252397208967285
25150,G,150.0,-1.8207230672845431,-5.492796175427177,1.0276949551781722,2.2509544088793003,0.008544313229396317,-0.20782042516429042,6.9018780430819,-0.38175659925511674,0.6628445463019254,10.778278504644558,0.06984435300471296
25150,G,168.0,-0.9815444972047029,-3.983678567343022,0.8625168760260755,1.386875277404879,0.006507182673710863,-0.1273313204800075,22.237826519184303,-0.2593401266725325,0.5432937722170531,8.089909990047387,0.0744250875325036
25150,G,174.0,-0.7957154825209938,-3.5731204112762844,0.8026791749551895,1.1773381528151297,0.005897135658097642,-0.10820236756737175,26.814958533235764,-0.22692527139102595,0.5073674979581603,7.365101877053697,0.07264715355103181
25150,F,0.0,0.0,0.0,0.0,0.0,0.0,0.0,0.0,0.0,0.0,0.0,0.0
25150,F,6.0,-2.636070232917206,0.005529298358704113,-0.10697036153063717,3.4015710783393955,-0.0013431109829167517,-0.005921248739365614,0.0,-0.008885334863647574,3.249299075398174,0.005303683674997241,0.0991381913315234
25150,F,24.0,-12.994471237449636,0.05407743235617613,-0.5430114397825551,16.402700052556504,-0.006487724756373512,-0.034784200846020984,1.7210560882542258e-09,-0.17727068596200896,18.470820381111523,0.0970864219290252,0.5320143546395776
25150,F,30.0,-14.169001702248318,0.0760004424296557,-0.7394486297061666,16.970368893793182,-0.008610498896700767,-0.05003368288469467,2.34579944829051e-09,-0.31545434434769065,25.74460954174957,0.1818681637305691,0.7384373961888467
25150,F,48.0,-5.485558517193138,0.09798258051279418,-1.2920536007548498,5.726243567164507,-0.013977040738278263,-0.10037260050036093,5.989275187124707e-10,-0.5806795297324824,33.099765004806635,0.5949835348474934,1.348522749034169
25150,F,54.0,-4.157096673808694,0.08832402990520309,-1.4665795677830278,4.442562319386542,-0.015371674584576046,-0.11819454338904384,4.147745172692685e-10,-0.6181409856039873,33.350731195873294,0.7794266446154575,1.5490943852260435
25150,F,72.0,-2.9697970062600687,0.0071355953308111135,-1.9011344513008324,3.408215226454993,-0.0184248487637589,-0.16909926745940745,1.97921450149236e-10,-0.6921241743586133,33.215865248743214,1.406337392513172,2.070230326522077
25150,F,102.0,-2.6934147065655676,-0.24901953176755945,-2.5452253973199634,3.1487100700742947,-0.02072542219341695,-0.25694094538336076,1.721056088254226e-12,-0.8007646538568735,32.515456988020965,2.6676859305709213,2.893308250704069
25150,F,120.0,-2.631542530796221,-0.44003689838021465,-2.8566078654588205,3.077802102710255,-0.020890676540771577,-0.3056023497721497,-4.64685143828641e-11,-0.8594737386246563,32.094950747592044,3.4099231640949803,3.318821498150692
25150,F,126.0,-2.6092751524396904,-0.5020620852524879,-2.9562492988349396,3.0515692010847153,-0.020779463944005826,-0.3156264226090692,-1.5919768816351591e-10,-0.8782204474942985,31.938647934060825,3.64000585424582,3.456863299653897
25150,F,144.0,-2.426955332192408,-0.6009645756321659,-3.113609859458068,2.963433754259685,-0.019747974728080455,-0.31665647401305375,3.0854995064241404,-0.9110452007305506,31.47621673127677,4.282793128728681,3.85101498732909
25150,F,150.0,-2.2886785673734567,-0.5787049282229358,-3.122940186738843,2.9206328170743268,-0.019053693906225716,-0.31339348407845335,9.187985679429607,-0.914461486232203,31.328762351122595,4.528501097175668,3.978081379948487
25150,F,168.0,-1.8665282765956825,-0.41034291767569486,-3.0694943659455314,2.744623262686992,-0.016788586940668905,-0.2972018346749896,46.44455679908056,-0.9084264360829598,30.887848227079466,5.157675440260087,4.314348632805649
25150,F,174.0,-1.734419236293572,-0.34934465504005047,-3.040053046379245,2.677264096750751,-0.01604468127967715,-0.29051462075365775,64.23591342884173,-0.9038595059237059,30.760184854893094,5.333723436017294,4.407848825655913
25150,E,0.0,0.0,0.0,0.0,0.0,0.0,0.0,0.0,0.0,0.0,0.0,0.0
25150,E,6.0,3.5974273336617357,1.3095879215068351,0.6148394243775832,-4.626716882952206,0.007719603059545156,0.0917828188732337,0.0,0.012130713572754925,0.01596107508524657,-0.019560909670846286,0.0004889799128562084
25150,E,24.0,25.77135599285957,5.9118356168628265,2.8700757643498678,-33.25643943324076,0.0342089239521167,0.5028252115734149,-1.803794007430495e-09,0.2909947243464674,0.32793122623049786,-0.3099245377927403,0.010254330414277408
25150,E,30.0,34.225788169828604,7.7434611939889395,3.8155219397684856,-42.66294858261523,0.04422663814478513,0.700353503367342,-3.5648946655726944e-09,0.5219502883634185,0.6991919141613225,-0.5412815638965202,0.021283588806023733
25150,E,48.0,37.82235101194429,12.462143948627705,6.403798880911384,-44.35222254430385,0.06837478837750413,1.2821762012681224,-3.7072058298670132e-09,1.3257901553044649,2.231709306196805,-1.4390429342057087,0.08214249967846667
25150,E,54.0,36.187252435187865,13.763885610701573,7.235956711709858,-42.17800315467647,0.07452620375514618,1.4620915072823677,-3.294503453413488e-09,1.5765966343455629,2.8406304556362376,-1.6937262106550637,0.11444023948363116
25150,E,72.0,31.50509814868237,16.76682451024495,9.347088296256503,-36.57618978597575,0.08811546813476771,1.9199517110739153,-2.0350496494087638e-09,2.1760430951889633,4.424859904969601,-2.1957277994633335,0.22189877502729202
25150,E,102.0,25.245161024553386,19.00307401954876,12.923873069558736,-29.312817767580057,0.10031623685136286,2.478710819535338,-1.7290806461759775e-09,2.873356752903758,7.855743499530346,0.6862538677083747,0.5475417590173816
25150,E,120.0,22.27284897088879,18.533590605468174,14.984923241388508,-25.845219100045597,0.10397584498323663,2.6572919924305216,-3.002765566610134e-09,3.087688614858845,10.11715773621303,4.929382543847045,0.8161853216453546
25150,E,126.0,21.282366810070794,18.03201279242187,15.71846592779512,-24.688871443959744,0.10482810316141525,2.6500552434574747,-3.4296990594930915e-09,3.1254102594352196,11.024877486275344,6.810421067262213,0.9326212895678933
25150,E,144.0,17.7140278778741,15.487239779892334,17.060786449810234,-21.453391324843622,0.10374309845631846,2.430910865468939,-22.17582740067783,3.040076757711455,13.866952062135447,12.440085727578175,1.2308318652288697
25150,E,150.0,16.135293812033954,14.224825003729924,17.274865536551477,-20.427719090010513,0.10125913154575403,2.3474659075353497,-63.8164419116502,2.9589365554795877,14.811550682388775,13.835366730823429,1.2899646966630616
25150,E,168.0,12.025957196198325,10.089944221978207,17.549704435593135,-17.55395560631014,0.09309688987270982,2.108317666312067,-294.2837885898316,2.6462638113762704,17.706316459630035,17.50447623685341,1.5812772542487927
25150,E,174.0,10.9085985097204,8.884997752536828,17.581797382768325,-16.7207137770436,0.09029895330593617,2.037422024579543,-397.9645927636506,2.546473808829988,18.5635156659238,18.440046192759784,1.6939594667939644
25170,X,0.0,0.0,0.0,0.0,0.0,0.0,0.0,0.0,0.0,0.0,0.0,0.0
25170,X,12.0,9.76795363264705,-4.3855491090870775e-06,-1.843949356612678e-07,-10.527985340305804,-5.445145775596118e-08,-7.970996467733119e-07,-0.002803644565829802,0.03878829444382662,2.646988912761738e-06,-1.9668388446359225e-06,3.454496808684538e-05
25170,X,18.0,13.729990661780295,-1.2822706479456955e-05,-1.1312148172649648e-07,-15.957695847975154,-1.5381975926876483e-07,5.161431893096812e-07,-0.00797884073131512,0.1077505651762722,7.250056717680645e-06,-6.606177413814587e-06,8.167373338206427e-05
25170,X,36.0,23.35633087616227,-6.35244630536583e-05,2.4480049874957287e-06,-25.852994450762996,-7.800415299574792e-07,2.0667587241721078e-05,-0.03848021732226798,0.4937214908220647,3.1475100590433104e-05,-3.880627552374713e-05,0.0002887976472432487
25170,X,42.0,24.896576580497864,-8.629145573120057e-05,5.23202485008885e-06,-26.970065031111584,-1.0941508807435367e-06,3.5607410015065065e-05,-0.05207745880684528,0.7306250951432892,4.035456065606588e-05,-5.554705146411076e-05,0.00034814159994381056
25170,X,60.0,6.0721555514566,-0.00013954047882051845,2.1113261649925158e-05,-5.052341139338563,-2.0377697001278465e-06,9.277999449086738e-05,-0.08420566815055039,1.1492401115687811,5.20332303567102e-05,-0.00010464273930948613,0.0003675439866933851
25170,X,66.0,2.977735155453738,-0.0001552206681122955,2.8495383726270615e-05,-2.268627101485077,-2.384005436999694e-06,0.0001129092146372755,-0.09390393207859343,1.1818449540117,5.3469525787745935e-05,-0.00012145717529401228,0.00035609401389394084
25170,X,84.0,0.3073412245475646,-0.00020242024628921664,5.3946123690017973e-05,-0.17888362391977652,-3.535238380540544e-06,0.00017146737247925893,-0.12328789653139535,1.2042123072172866,5.99472967946518e-05,-0.00018037305497296927,0.0003040826968447937
25170,X,108.0,0.01269223940079018,-0.0002725788262728499,0.00011354637035963207,-0.004400232414689719,-5.506580599947117e-06,0.000200493023794706,-0.18080631893257454,1.2059219926601148,0.00014380697000055298,-0.0002811532316698622,0.00030757337704166824
25170,X,114.0,0.005196315391006807,-0.0002867160054067826,0.00014173089089013053,-0.001284529512617123,-6.186121372082778e-06,0.0001933460344363017,-0.2048441369897702,1.2059436454845458,0.00020218505909209256,-0.00029945376715532964,0.00032426901138516323
25170,X,138.0,-0.0010892573804408062,-0.00035155341955927204,0.00025445649433852077,0.0004138342488272708,-9.264293830604838e-06,0.00019569809441785814,-0.31230833527552626,1.205947223588675,0.0007513150086531466,-0.00040573065563682633,0.00026127827571130436
25170,X,156.0,-0.0013356455253368579,-0.0003984587384852974,0.00031809768974431433,-0.00010865510405699891,-1.2214389649319744e-05,0.00022720183688272125,-0.3805315045747368,1.205948863260322,0.0013892407491985703,-0.0005355494272601074,0.0001512218850644855
25170,X,162.0,-0.0013340147379987829,-0.0004133478634717287,0.0003404366318899002,-0.00029543517475244,-1.3098246686577936e-05,0.00024874574496020743,-0.40145600036457374,1.2059504475815723,0.001599383577987047,-0.0005695718152963989,0.00010267518724590504
25170,X,180.0,-0.0012708111886231143,-0.0004547073799723047,0.0004055425987460894,-0.0009091987137279136,-1.5119175941781373e-05,0.0002875794725694677,-0.4610832673867901,1.2059546045663534,0.00228092487854427,-0.0006877867012737719,0.0001322671230215455
25170,X,186.0,-0.0012411992481325671,-0.0004678380997072881,0.00042702414509181787,-0.0011290601099621126,-1.5625692569330783e-05,-0.11457877165677346,-0.4801274621864943,1.2059553609418248,0.002525103132350934,-0.000728499024754429,0.00013406959424906774
25170,X,204.0,-0.0011511572488273314,-1.2982114005195617,-1.5689344846457862,-0.0017777115439827536,-0.010798693826387288,-0.5192210824608674,-0.536789352736391,0.9263140317914436,0.0032617265970426453,-1.0575281960241916,9.773967125410592e-05
25170,X,210.0,-0.13315793581993646,-1.95306544383624,-2.1134025473510003,0.13883678222478463,-0.02248425917010061,-0.5349081948349834,-91.47593639227738,0.8304101097712282,-0.09467951767401891,-2.211657091262025,-0.009989891664909809
25170,X,252.0,-0.9340114762441853,-2.8205135726735775,-4.802621277641034,0.9910077217059793,-0.025969227945848914,-0.6232906221061737,-704.1304959926728,0.30725494242000756,-0.9050966438509898,-4.2287503283362495,-0.10379582099672588
25170,X,324.0,-1.64607632505618,-2.4246021810432548,-5.513733335790094,1.7440334719251278,-0.02620580768140917,-0.6572232159028987,-1380.9951238435667,-0.030120780061645737,-2.2901703949314154,-5.198891699579497,-0.3096175381513529
25170,X,330.0,-1.6747541197469944,-2.359769714885439,-5.524785286948021,1.773965275471359,-0.025892906084487098,-0.6528697415078668,-1417.5010985516578,-0.052819737281686756,-2.402225237667551,-5.2304573009156785,-0.32961435184516225
25170,X,348.0,-1.7210005840961178,-2.185691206435657,-5.508760051013318,1.8215830741420773,-0.02490722989230967,-0.6368515348729615,-1488.536067545921,-0.10296649210101419,-2.658846396807617,-5.26045736858798,-0.378314417910846
25170,X,354.0,-1.7285918230123312,-2.1147332191773476,-5.48452796858277,1.82911191743355,-0.02445050921112416,-0.6286648720836013,-1507.4665356433338,-0.1195067622715712,-2.746487360585617,-5.2517087270344875,-0.3962099751463488
25170,X,372.0,-1.7247649135720027,-1.9216171590955333,-5.376782945440004,1.8236986559402164,-0.02308369703082588,-0.6025123750186305,-1536.7050356130483,-0.15620274407841886,-2.944867847850406,-5.179467658435708,-0.4401565097105754
25170,N,0.0,0.0,0.0,0.0,0.0,0.0,0.0,0.0,0.0,0.0,0.0,0.0
25170,N,12.0,-117.19166556421233,-0.0002443791247701296,3.5440361166955043e-06,126.31027817598908,-2.796604289500218e-06,3.981365510796917e-05,-0.14950339846268065,1.9296593725358826,0.0001355977755852607,-0.00013317889680294635,0.0013479228948056051
25170,N,18.0,-164.72655324565503,-0.0003075390757749347,7.111843281691056e-06,191.45365683937757,-3.554850682389699e-06,7.748329850446406e-05,-0.18631037288291705,2.4458348601115887,0.0001630992486837769,-0.00017713085758190594,0.0015189951826030542
25170,N,36.0,-280.21979958183243,-0.0002537399499082978,3.576903271367393e-05,310.1740744541893,-3.5177840069402627e-06,0.00020249630393351985,-0.14916695670864719,2.7830990509773987,9.030941585909729e-05,-0.00019769987271457825,0.000431966245692738
25170,N,42.0,-298.69938151296947,-0.00017493963121916763,4.2989780172510116e-05,323.57673899286857,-2.805754411646537e-06,0.00020059036439993018,-0.10220476133494483,2.523808730201675,4.085800307170847e-05,-0.0001602672567594377,-4.4601939195449164e-05
25170,N,60.0,-72.85524176535456,-0.00011472708574744737,5.291098739395314e-05,60.62101547925737,-2.477953300169411e-06,0.00015757001809069368,-0.07049911078764506,0.4032444681790677,8.767560379529042e-06,-0.00012322205303657246,-0.00013504274669005523
25170,N,66.0,-35.730632971417656,-0.00011575760299993224,5.837250346597233e-05,27.224139958239217,-2.654515859919755e-06,0.0001559934530496309,-0.07184934837443267,0.17782843255464345,7.023259549915093e-06,-0.0001278343843221582,-0.00012197505159619528
25170,N,84.0,-3.6949684693600857,-0.00012797998679808095,6.97427501641856e-05,2.1546777472366365,-3.164041172448449e-06,0.00014876419789940993,-0.08014736624694703,0.014081354593307617,3.1797858093528275e-05,-0.00017515972471282367,-0.00015440036520444458
25170,N,108.0,-0.16370450383556345,-0.0001614381108507194,0.00022874870078832185,0.06335286331287715,-5.034685256531551e-06,-1.6843699745641647e-05,-0.1475916960401961,0.0003947044566805482,0.0002667611244261209,-0.0001651103195839013,0.00017653945861336899
25170,N,114.0,-0.07492413264160093,-0.00011091515802318468,0.00022372632257371434,0.025624168037170422,-5.390010956570081e-06,-5.811829561685187e-05,-0.19016352737425724,0.00012360130088055784,0.00046272063509181514,-0.00014407567823430627,0.00013465362576852867
25170,N,138.0,-0.003746562014614772,-0.00012269802650260393,0.00021535898306919947,-0.0006361611023244735,-7.005555974776704e-06,5.017097792136486e-05,-0.24690167272863467,-2.0184822309694554e-06,0.0015055151415068228,-0.00024182990835719712,-0.00013566119809504127
25170,N,156.0,-7.197768430412245e-05,-0.00012187527929798559,0.00016265391467627278,-0.001576608865920579,-7.83632061444874e-06,0.00010035337762575572,-0.1708529824039016,1.0481964736805354e-05,0.0017379355252518745,-0.0003610276628200367,-0.0005315421137076429
25170,N,162.0,0.0001294740753840712,-0.00011764421909043275,0.00017861758793264324,-0.0015385481588590525,-7.067248186527092e-06,0.00017141324263478133,-0.16685216187242746,1.3730281336908535e-05,0.0016811086399740717,-0.00027130605845250284,-0.0003860607989551478
25170,N,180.0,0.0004128401200024595,-0.0001059033878413235,0.00017532449643305472,-0.0017839922415211335,-4.664855899868607e-06,7.897660288975648e-05,-0.1557921656747601,9.218994600562612e-06,0.0019226918119101776,-0.0003282553903509792,8.38276524755335e-05
25170,N,186.0,0.0004485298255027837,-0.0001047713730676694,0.0001737551340515441,-0.0018292649587446004,-4.0949678429543645e-06,7.82103775311264e-05,-0.15367162310956312,7.881936391703932e-06,0.0019766338811169916,-0.00032881568867771397,1.6805912132778727e-05
25170,N,204.0,0.0004835176225372676,-0.00011400883525720498,0.0001940953895103195,-0.0017560164307040952,-2.786805855586359e-06,9.084280112501329e-05,-0.1508370166431647,9.15743178160096e-06,0.001954780225798909,-0.00031718868690394197,-0.0001410870414157142
25170,N,210.0,0.0004860166347734974,-0.00012123609096529299,0.00020806445944816156,-0.001754521001101874,-2.38785004341764e-06,9.749416008473445e-05,-0.15323096700909541,1.1569413703506892e-05,0.001959553679975099,-0.00031427897945548317,-0.00017952467343966067
25170,N,234.0,0.00048241028734588267,-0.0001657534442321351,0.0003169446159957993,-0.001962508016601073,-1.9492454803796323e-06,0.00013227977788350084,-0.1785567183773955,2.29799250037822e-05,0.002134858052089792,-0.00034252391717651075,-0.00028180588185112304
25170,N,252.0,0.0004705838952415656,-0.00021566859328046487,0.00041839146562122766,-0.0022665027828772583,-2.207395713021356e-06,0.00017428834066211086,-0.2093276917514891,2.633697438851469e-05,0.0023914749183348723,-0.0004035739514431356,-0.00034240338880693404
25170,N,276.0,0.00044462121235141333,-0.00027377977266223187,0.00047403639432388805,-0.0026348299298093966,-2.637636545896852e-06,0.00023418826110751042,-0.24225268034882022,1.627204332839113e-05,0.0026867393229807763,-0.0004695968557622925,-0.0003924398667958443
25170,N,300.0,0.0004200112136881502,-0.0003188861833944319,0.0005149208641594649,-0.0032408370610142122,-3.5979227587248633e-06,0.00030640478063449533,-0.2888550804867724,-2.4826742132760967e-06,0.0031931186746976432,-0.0005717051397155421,-0.00042673509061041145
25170,N,324.0,0.00041011470859479227,-0.00030675715293198696,0.000573143799990673,-0.0038605468110528545,-4.822570146172353e-06,0.0003421562830578169,-0.32741610438993807,2.9480410052747046e-06,0.003689753027454473,-0.0006775160048740819,-0.0004013323839561072
25170,N,330.0,0.0004159009147621655,-0.000293665038988172,0.0005874034491512508,-0.00399647267290927,-5.118027293828077e-06,0.0003406544982460747,-0.3332748695020946,1.0764743454662685e-05,0.0037910333809356446,-0.000700595635534838,-0.0003834059703312203
25170,N,372.0,0.0004232081338543997,-0.00015609178738076342,0.0005204330982727969,-0.00396536644541448,-4.98620175418021e-06,0.0001832635254035153,-0.2677067216670394,6.572033858053092e-05,0.0036196286734543146,-0.0006932000635397569,-8.263855800647339e-05
25170,G,0.0,0.0,0.0,0.0,0.0,0.0,0.0,0.0,0.0,0.0,0.0,0.0
25170,G,12.0,-2.3488003500121666,-1.1768549851675327,0.047897590253355445,2.4779789651322894,0.0006990568197976325,-0.05467892170671074,0.0005762984270408609,-0.008026232125538525,0.001752062811315286,2.3510125440650897,4.1305402154942944e-05
25170,G,18.0,-4.105041135179633,-1.8409609653239405,0.09803331275998008,4.540405841236387,0.001410537234094474,-0.08729589401980896,0.0017513308275636979,-0.023852960576453763,0.004842154577239328,3.7729530631577344,0.00012014059653164931
25170,G,36.0,-8.388541974168936,-3.794944531643624,0.32117030227752696,9.35974044446474,0.004469426488442653,-0.19332676659305173,0.010018001475386612,-0.12828486413570683,0.02989155916307514,8.229649445788077,0.0008505414443178603
25170,G,42.0,-9.856799351878635,-4.5324747485012065,0.4282665369080878,10.84246698498939,0.005876905988237559,-0.23535034913429187,0.014045589010468066,-0.18747160781712022,0.05252155676084747,9.97521031520743,0.0015047865381102535
25170,G,60.0,-9.540094108455706,-6.4037638513057935,0.7473941821308362,10.057786717333753,0.009872198009790579,-0.3464518655099202,0.02626235517230271,-0.3642427681360996,0.15318315933441087,14.478073216757243,0.004816830738202791
25170,G,66.0,-8.925951263650159,-6.919029468372955,0.8454267631679403,9.372139319584956,0.011031277864286844,-0.37695409990990786,0.030538284363910175,-0.41346719513788327,0.19240573193043695,15.70860414629956,0.0063392998108256545
25170,G,84.0,-7.351996320587669,-8.057534072871707,1.0874398044209852,7.703443173704905,0.013715731690698726,-0.4448809077682288,0.042748918430441506,-0.5202452932257581,0.3039513623298115,18.362598870706613,0.011455034304341066
25170,G,108.0,-5.736782034860882,-8.816467694891116,1.3003227778507902,6.008921680825861,0.01569189682653403,-0.48591480872833914,0.05927322530436648,-0.5957735802816115,0.42989501319174456,19.764719784156384,0.01907789893195629
25170,G,114.0,-5.374654821894314,-8.857921086179553,1.3303754604999671,5.6269830533997975,0.01587386695899527,-0.48602543336670295,0.06378680442652777,-0.6030162471727107,0.45450159205952784,19.680368281335042,0.02095514158572517
25170,G,138.0,-4.048872603339667,-8.40476579082882,1.342105088279637,4.2222095052662905,0.015312731910078198,-0.44367951343865314,0.0798870195773441,-0.5844645853597288,0.5096724763634134,17.7102968513617,0.026955655066663864
25170,G,156.0,-3.058041324819944,-7.375612967318687,1.2119219848903766,3.1699160563671915,0.013349776905690997,-0.3620956284613983,0.08381171020606455,-0.5160484401626411,0.49187160691697246,14.829063433369583,0.0285975171952163
25170,G,162.0,-2.732523826703209,-6.933334547070688,1.141991443234015,2.8250952549610164,0.012429852387715832,-0.3280252851165128,0.08259335364536009,-0.48415365661433696,0.4729579408690646,13.758032919044044,0.02832628891178123
25170,G,180.0,-1.8149308167133087,-5.471951353656894,0.876822508335784,1.8592885207531114,0.009191821644044328,-0.22126381721524074,0.07155584836808256,-0.37264868970024534,0.3839795465777039,10.569735064162277,0.025018813842177655
25170,G,186.0,-1.548041045135208,-4.987997200483007,0.7816792270161127,1.5807810286992707,0.008088060697849482,-0.18819927270632372,0.0661156031319773,-0.3344752214779531,0.3479734167679327,9.587790459536935,0.02327111401201688
25170,G,204.0,-0.8803563082562413,-3.5813988819806544,0.5269822315874416,0.891414587293613,0.005071876930142874,-0.10486304931473367,0.04721481142351465,-0.22325663496649445,0.23529248556630658,6.870542339330316,0.017008229856266932
25170,G,210.0,-0.7163809987633477,-3.1633101048741175,0.4575919472347822,0.7238462066094828,0.0043324075940251415,-0.08490434216237439,0.4356092596895116,-0.19123538484658148,0.20264053309516067,6.106102035572599,0.01502973708994303
25170,G,234.0,-0.30387524412892614,-1.8327161926103197,0.25523507333848505,0.305721526450071,0.0022049293266066623,-0.036222511823006315,2.6557654993751365,-0.09475713149672663,0.10885406457321779,3.7160447541776147,0.008950101964380527
25170,G,252.0,-0.16187135129839464,-1.2025290409578866,0.16521465677731856,0.16281063116589234,0.0013327895498409148,-0.019710140297665796,3.3743977133871645,-0.054533624773199174,0.06944421830138968,2.5533264850756345,0.0061321030439717514
25170,G,276.0,-0.07287630605138411,-0.6856425775275019,0.09451123246086088,0.07343262614591554,0.0007035452144665192,-0.009235406702553997,3.260163684772524,-0.026547307438725933,0.03973761114771678,1.5564348278780518,0.0038214762711981836
25170,G,300.0,-0.035193749306779945,-0.40260410660116686,0.057127118162354475,0.03558087884299734,0.00039530368982912693,-0.004672512107924681,2.7743008108039287,-0.013595408067571405,0.024364620394591398,0.9778833181105974,0.0025268013187742214
25170,G,324.0,-0.018291022222757965,-0.24798600998008924,0.03669055119866253,0.018574883988069012,0.00023726195122265674,-0.0025512693420028294,2.2434303039465635,-0.007415819159682008,0.01592768633822874,0.6430405323367627,0.001760200811742905
25170,G,330.0,-0.015681963469165096,-0.22115702970463924,0.03312756646511303,0.01594656837635159,0.0002107298254736064,-0.002215210607134453,2.123283734171477,-0.006428398501251868,0.014453848754266365,0.582666383585534,0.0016212788208289216
25170,G,348.0,-0.010194228804474738,-0.16083944417444793,0.02502988958314504,0.010413573203626875,0.00015181741289720617,-0.0014958091115548169,1.8072893405235424,-0.004309924947647222,0.011075478461359799,0.44375564241507753,0.0012930548688719823
25170,G,354.0,-0.00889548243704441,-0.1454710252414551,0.022944537232224504,0.00910283707918404,0.0001370244402755894,-0.0013219875313804832,1.7144888759677195,-0.0037980684796103596,0.01020147818048139,0.4074044216473103,0.0012060678791491056
25170,G,372.0,-0.006078111495300579,-0.11016449158686895,0.018093350740898042,0.006254992320813528,0.00010329478909508343,-0.0009380850716343701,1.4757536542933078,-0.0026691246367629737,0.00815243111554851,0.3221212391239611,0.000996582206544508
25170,F,0.0,0.0,0.0,0.0,0.0,0.0,0.0,0.0,0.0,0.0,0.0,0.0
25170,F,12.0,-4.515567413413024,0.01506096922523112,-0.1655072051373362,4.857180150146675,-0.002412937840326371,-0.010148446438809829,0.0013320584544831572,-0.01768039045365032,5.638891753766651,0.014024266589368933,0.15573144234240838
25170,F,18.0,-6.5449845168700245,0.030017639586604195,-0.2727941678148519,7.563453831413404,-0.003874034789615909,-0.017176455072997594,0.003743888219466715,-0.04972648941613916,8.885676223495675,0.03404374294801833,0.2608988027241686
25170,F,36.0,-11.623968753601549,0.08103206326269873,-0.6186569878544235,12.89797218045137,-0.008391378682146526,-0.043407344859752346,0.018349732554209172,-0.2347355537348316,20.92641010616657,0.1664812995636022,0.6163203725012444
25170,F,42.0,-12.714957024240285,0.09705700020338914,-0.766642981454382,13.834931104368598,-0.010160745799217984,-0.05606588401352217,0.025073795305458155,-0.34898482890388083,27.160217685890213,0.2588310050367233,0.7746940977759113
25170,F,60.0,-5.202634738125076,0.10270809461812519,-1.1827246146718993,4.959378353888709,-0.014785225377344174,-0.09725966078338553,0.04222672585040998,-0.5784775359709617,34.031088544549384,0.6612680199381533,1.2389148055845804
25170,F,66.0,-3.8857897119195055,0.09015401544327127,-1.319766075957747,3.758639290405511,-0.016089467581653947,-0.11232887776730606,0.04786693252287025,-0.6119315990945049,34.35805086800531,0.8381043285883383,1.3971783026997924
25170,F,84.0,-2.6864000191540836,0.008185230397778102,-1.6715612888961593,2.7896761723661325,-0.01911596708831553,-0.15635128641305002,0.06546733997419389,-0.6767537966617685,34.42110742069547,1.437796285555716,1.8197301676101896
25170,F,108.0,-2.506091847832771,-0.18780453392834395,-2.0904408653232345,2.658494919848631,-0.02165566821801801,-0.2181981716763718,0.09946252030963873,-0.7523917420912437,34.18980811861429,2.4136703870475062,2.354093798446185
25170,F,114.0,-2.4958749756712244,-0.2495903870125517,-2.1905772672448713,2.6501780815733844,-0.022050715967867486,-0.23434447074120432,0.11290396990269154,-0.771717906845955,34.12497134822924,2.6811521355331673,2.486973928469258
25170,F,138.0,-2.4855406117266408,-0.5270578394579252,-2.551731978438252,2.6420001339336503,-0.02281834213703022,-0.2976852433380551,0.1751873823820942,-0.8471685776360434,33.87850385925029,3.747299145501375,2.9868862852186995
25170,F,156.0,-2.476101805771257,-0.7386500535666978,-2.8111843268672696,2.6315696560872657,-0.022646380906172832,-0.3436881381680174,0.22087361718816392,-0.9030648528598584,33.678727124215676,4.485236554070658,3.35818493201673
25170,F,162.0,-2.470291176760829,-0.804243223170472,-2.8951749343003295,2.6250340654173803,-0.022482967757386965,-0.3580985018495215,0.23586968867742583,-0.9209391850156307,33.60995979721935,4.707547854638727,3.4794289626152386
25170,F,180.0,-2.440595019217908,-0.9750420419094473,-3.140806988087956,2.592094274665298,-0.021787951347904677,-0.3974166411725857,0.2805209872881184,-0.9709827756501396,33.39656064000399,5.29053068593167,3.832690407188084
25170,F,186.0,-2.427445009564963,-1.0225674021918354,-3.2183497891025805,2.5776460754587425,-0.02152299875027121,-0.40697655072185446,0.29513207935177443,-0.9860596778243099,33.32691088157921,5.456166026176604,3.943627888836615
25170,F,204.0,-2.3705837626072728,-1.0993542923716142,-3.402763723840067,2.516136365228878,-0.020470505049862343,-0.41860453510798135,0.33969999968093656,-1.0196409206076082,33.085493564255415,5.890275036891373,4.276643797131398
25170,F,210.0,-2.346809773926958,-1.0950126903983526,-3.4444530893699143,2.4906559561779598,-0.019827600000136714,-0.4189077421566786,1.7760965654306389,-1.0267534753918,33.00399131304403,6.036260622754185,4.380828419539589
25170,F,234.0,-2.22613088680792,-0.988342710002279,-3.508969070591846,2.362281158303124,-0.017284145573460113,-0.413402540773236,21.842195393136272,-1.0354761512326538,32.67678442922879,6.5873403816312965,4.759632534503092
25170,F,252.0,-2.1264068445141944,-0.8859232749505308,-3.493180489750097,2.2566798881605887,-0.015552682436196319,-0.40482691614853705,48.41223338354322,-1.0304998798309988,32.46257898227791,6.90765800526976,4.993701055614675
25170,F,276.0,-1.9865838046224182,-0.7359207701595016,-3.4346167681186897,2.108908675164286,-0.013395406067926423,-0.3892624942567547,95.50599146349062,-1.017522121268712,32.19387083274971,7.26275522473943,5.257899627467579
25170,F,300.0,-1.8424175384342725,-0.5849814747065313,-3.3349777115385812,1.956731194611988,-0.011390344492302813,-0.36984960798054944,154.50726073555873,-0.9987483535491132,31.943267788349107,7.566397956916475,5.473286755790935
25170,F,324.0,-1.7068136104061524,-0.45042886342726024,-3.2128088017006844,1.8137548400163728,-0.009632742709078787,-0.3495115268051039,217.91981407324204,-0.9779164669367428,31.737982426167118,7.828546434781525,5.642944805735342
25170,F,330.0,-1.6713187570116883,-0.41686561380432247,-3.1762573670172807,1.7763461375769551,-0.009193846063112068,-0.34383465811113134,235.50120311533013,-0.9718339020043218,31.682576872201405,7.891625349071529,5.680641602997835
25170,F,348.0,-1.5740942686389228,-0.32812541278867097,-3.067919814170796,1.673949000920164,-0.008020771184171402,-0.32780733138940754,286.37068214480416,-0.9545826311682752,31.5504618407364,8.065866664765661,5.778572688819642
25170,F,354.0,-1.5408140496887943,-0.29904765742884815,-3.027913095227169,1.6389086943635305,-0.007631935904329562,-0.32211527284121716,304.37328097299036,-0.9482840366478563,31.50375592986945,8.1224844967258,5.807930874027267
25170,F,372.0,-1.4487056283619681,-0.22159415172969868,-2.9101843162166268,1.5419450425952805,-0.006580052946431349,-0.3059730704988199,356.4214825762667,-0.930332812469145,31.389792958195724,8.28057791156597,5.8847469432162915
25170,E,0.0,0.0,0.0,0.0,0.0,0.0,0.0,0.0,0.0,0.0,0.0,0.0
25170,E,12.0,6.617663291508868,2.371315036764039,0.9093402799282141,-6.963478276738433,0.013255881600603855,0.17634895809042792,-0.001571403626037051,0.022101371975105165,0.01882910221954895,-0.05618813072936597,0.0005438557209395522
25170,E,18.0,12.115913717038929,3.6693374412824697,1.458979046493303,-13.346409641831318,0.020681497365361904,0.28745429941190753,-0.0049799092746732705,0.06812859709253942,0.049286642166760083,-0.1300973005865694,0.0014861884499484397
25170,E,36.0,26.256466851261067,7.439915654813973,3.1033487560041033,-29.391834662279788,0.04185952113619752,0.6690045742921777,-0.030445345042011893,0.3897899053353309,0.24747155687050829,-0.5802002108760603,0.008059450300309095
25170,E,42.0,31.7001504898587,8.87881767430847,3.7835135007318224,-35.0218604180843,0.049729420076689235,0.8338430049515009,-0.04373206778891154,0.5801147300513214,0.43518352486940054,-0.8635590802479295,0.013666944286258495
25170,E,60.0,34.43460708999834,12.724145057995777,5.662632414458613,-36.61826077439346,0.06969642367603297,1.315901666943261,-0.08786474065144459,1.219457710394942,1.1319640283979797,-1.9824689246076252,0.03883007424279052
25170,E,66.0,33.22069124580964,13.86085359688379,6.297945490753268,-35.14941665289506,0.07528504883129711,1.470781155916322,-0.10498975267136966,1.429343164008405,1.4114676937012356,-2.3809248311340694,0.05167733554406608
25170,E,84.0,29.56590545813794,16.675600175190823,7.954290094492979,-31.17576682755575,0.08833978907034695,1.8781293678908138,-0.15797819606656802,1.9544379182360825,2.1353295035274797,-3.511501765852264,0.09314133868667762
25170,E,108.0,25.781220507862063,19.331277775580755,10.095353054970246,-27.204320195158864,0.10007030731293697,2.3348343545310977,-0.24304330379475977,2.5179204574761176,3.1629395943378453,-3.9898193730049965,0.17148206705173635
25170,E,114.0,24.960417149842513,19.755656234739824,10.652782820149858,-26.340834449580562,0.10220907676994395,2.431569875001906,-0.26920008288443303,2.636930526127779,3.456201838154251,-3.7020784180191884,0.1973840155959687
25170,E,138.0,22.060028360744102,20.32614603151927,12.87295039380788,-23.27128685357804,0.10853199637198575,2.7202723384468137,-0.38884257982617476,3.000521197534647,4.6630062453325625,-0.6774184822435129,0.31797809661720633
25170,E,156.0,19.872400982337222,19.319531421467033,14.762408268270976,-20.94374910809722,0.11195834097249391,2.8226613128017006,-0.4840415263265218,3.1513031608644457,5.809517834893404,3.7095335216471743,0.44679848708005226
25170,E,162.0,19.13818642183945,18.74670160427387,15.432368877278938,-20.163342774000842,0.11300388284159668,2.8368504328161817,-0.5132072658874047,3.177543606861703,6.238588170271371,5.374801889918661,0.4979529885126782
25170,E,180.0,16.99122580059429,16.596996558420404,17.516698593564147,-17.89227141523161,0.11585383330078917,2.847026663277204,-0.5897816725322771,3.201118634382461,7.655595622336008,10.45574249435151,0.6773155835354995
25170,E,186.0,16.340346559510284,15.834652070222111,18.197632663900432,-17.208227272613108,0.11663376071768265,2.835824357085663,-0.6117548655309172,3.1975280253415135,8.13840494246773,12.04341724182398,0.7423634747137487
25170,E,204.0,14.567443910898794,13.276220198143815,19.91455239796571,-15.359273547187371,0.11686243949789074,2.7423059220508645,-0.6759685944847297,3.128343441387651,9.807182014769326,16.51328372476424,0.9836883595595765
25170,E,210.0,14.074073819960326,12.368031216720905,20.344790815590372,-14.84744223982083,0.11480715431030292,2.7078948074620177,-9.116189745567304,3.0935216743885197,10.36462934098242,17.634450075335703,1.0709660683861697
25170,E,234.0,12.47983168197354,8.972622091007011,21.3525793046646,-13.193599545469024,0.10504971504988445,2.598000175076929,-119.97728983168673,2.913424215229214,12.551221329126658,20.6349105456435,1.4516326049825972
25170,E,252.0,11.598341314918896,7.085586293106609,21.618069064857877,-12.274531868920423,0.09727768151544791,2.5320404585944964,-260.94750815067914,2.7853479974127264,13.958815453428356,21.824617948673634,1.733513348558697
25170,E,276.0,10.609194108944822,5.18505594206538,21.651665911630353,-11.237014662070479,0.08673531766159848,2.444860980852269,-505.90742478731346,2.635917910912419,15.708910652452166,22.439268738333364,2.12866600759021
25170,E,300.0,9.717434768465628,3.7795019853068346,21.38041289711018,-10.297575089987209,0.0764665609786318,2.34812108238366,-809.5366315311261,2.4890764745295195,17.34627502384238,22.31304288019666,2.5455496363618986
25170,E,324.0,8.928778374589871,2.740134841530407,20.935469106983287,-9.465355869565279,0.06732983811807247,2.2501360859756994,-1132.9276724572526,2.3487677084344334,18.711871810601696,21.817343428317862,2.9385459064273425
25170,E,330.0,8.727394773723294,2.506218688829124,20.78856063002468,-9.252743552103405,0.06503168230320618,2.2228083465338817,-1222.302535713667,2.310207267156861,19.081635705539178,21.65323536158726,3.0494700084690205
25170,E,348.0,8.183035384287113,1.912910952649532,20.34027146519904,-8.678048135476137,0.05889969112547724,2.1460686749369553,-1479.780868609485,2.2035496865823365,19.983087572288614,21.135081779002267,3.3410842693149405
25170,E,354.0,7.99863814846296,1.7281719744513244,20.168582608079262,-8.483384712739985,0.05686373794777999,2.1187128915263918,-1570.674008228263,2.1655044087619864,20.302910976642416,20.94878084105955,3.4471985844647515
25170,E,372.0,7.492880263629205,1.2499607019019063,19.655511844616026,-7.949579117616465,0.05136974683421649,2.041310181235131,-1832.5205383348284,2.058775353784694,21.1037494363945,20.39233636481115,3.732543700280638
