species,pool,n,rmse,mae,bias,median_obs,median_pred,relative_rmse_to_median,relative_bias_to_median,co2_mode,partition_mode,mode,aroma_wsse,aroma_n_residuals
ethyl_acetate,condensate,17,0.048799332850267,0.0403122878822469,0.0372025719722228,0.0124728124917586,0.0542312509778573,3.9124562228856488,2.9826931172744064,threshold,water_ethanol_GF_as_glucose,threshold,5282.593048441163,366
ethyl_acetate,retained,17,2.880948209945675,2.04936861015052,-1.6136849790359515,8.2939076996105,7.122598733223914,0.3473571583248956,-0.1945626883587978,threshold,water_ethanol_GF_as_glucose,threshold,5282.593048441163,366
ethyl_acetate,total,52,2.3994591376231345,1.5954376407200277,-1.017105653841052,7.589930803008623,6.386377803476737,0.3161371559108282,-0.1340072367244606,threshold,water_ethanol_GF_as_glucose,threshold,5282.593048441163,366
ethyl_octanoate,condensate,44,0.0138383290500596,0.0089646859375866,-0.0065422011852786,0.0123860937979568,0.0058739504798336,1.117247235148692,-0.5281892170361123,threshold,water_ethanol_GF_as_glucose,threshold,5282.593048441163,366
ethyl_octanoate,retained,44,0.0216936416515917,0.0154992993418018,-0.0050638703354942,0.0345240197951251,0.0374194853606902,0.6283637241644434,-0.1466767301590203,threshold,water_ethanol_GF_as_glucose,threshold,5282.593048441163,366
ethyl_octanoate,total,52,0.0258856030998733,0.0167848916807742,-0.0098205220560386,0.0446677583333333,0.0420085038739891,0.5795142641075003,-0.219857060718224,threshold,water_ethanol_GF_as_glucose,threshold,5282.593048441163,366
isoamyl_acetate,condensate,44,0.6854606084395625,0.4284454141350651,-0.3802032805670846,0.4795121642665957,0.1387245753676808,1.4294957657392504,-0.7928960074424763,threshold,water_ethanol_GF_as_glucose,threshold,5282.593048441163,366
isoamyl_acetate,retained,44,1.8990917737168311,1.406011059198608,-0.7109417274673953,5.20307736132758,4.895363421246218,0.3649939529694543,-0.1366387001568619,threshold,water_ethanol_GF_as_glucose,threshold,5282.593048441163,366
isoamyl_acetate,total,52,2.1407875039690265,1.4363995963446463,-0.9232765452599444,5.258392259104463,4.464759029099,0.4071182594380313,-0.1755815275403559,threshold,water_ethanol_GF_as_glucose,threshold,5282.593048441163,366
