policy,ensemble_member,drying_time_h,latest_active_action_h,action_to_drying_margin_h,required_minimum_margin_h,drying_margin_pass,strategy,dose_design,candidate_id,qualification_candidate_id,canonical_policy_hash,final_verdict,qualification_coverage_gate,qualification_thermal_gate,qualification_information_gate,qualification_nutrition_gate,qualification_sampling_gate,watermark,candidate_only_not_for_physical_execution
operational_anchor_18C_N76,0,192.55903928242043,46.0,146.55903928242043,24.0,True,II_diagonal_1,N76_all_conservative,707410af2741165f,707410af2741165f,0a015af39a2bee3e071faf8b0125482e58bf7c56ccbf34366daca852b271a235,PASS — READY FOR OWNER PHYSICAL RELEASE REVIEW,PASS,PASS,PASS,PASS,PASS,COMPUTATIONAL COVERAGE CANDIDATE — NOT AUTHORIZED FOR PHYSICAL EXECUTION,True
cold_early_N76,0,191.8608951077952,48.0,143.8608951077952,24.0,True,II_diagonal_1,N76_all_conservative,707410af2741165f,707410af2741165f,0a015af39a2bee3e071faf8b0125482e58bf7c56ccbf34366daca852b271a235,PASS — READY FOR OWNER PHYSICAL RELEASE REVIEW,PASS,PASS,PASS,PASS,PASS,COMPUTATIONAL COVERAGE CANDIDATE — NOT AUTHORIZED FOR PHYSICAL EXECUTION,True
warm_late_N76,0,175.6103383177361,84.0,91.61033831773611,24.0,True,II_diagonal_1,N76_all_conservative,707410af2741165f,707410af2741165f,0a015af39a2bee3e071faf8b0125482e58bf7c56ccbf34366daca852b271a235,PASS — READY FOR OWNER PHYSICAL RELEASE REVIEW,PASS,PASS,PASS,PASS,PASS,COMPUTATIONAL COVERAGE CANDIDATE — NOT AUTHORIZED FOR PHYSICAL EXECUTION,True
operational_anchor_18C_N76,1,189.03100964242597,46.0,143.03100964242597,24.0,True,II_diagonal_1,N76_all_conservative,707410af2741165f,707410af2741165f,0a015af39a2bee3e071faf8b0125482e58bf7c56ccbf34366daca852b271a235,PASS — READY FOR OWNER PHYSICAL RELEASE REVIEW,PASS,PASS,PASS,PASS,PASS,COMPUTATIONAL COVERAGE CANDIDATE — NOT AUTHORIZED FOR PHYSICAL EXECUTION,True
cold_early_N76,1,185.82420765263367,48.0,137.82420765263367,24.0,True,II_diagonal_1,N76_all_conservative,707410af2741165f,707410af2741165f,0a015af39a2bee3e071faf8b0125482e58bf7c56ccbf34366daca852b271a235,PASS — READY FOR OWNER PHYSICAL RELEASE REVIEW,PASS,PASS,PASS,PASS,PASS,COMPUTATIONAL COVERAGE CANDIDATE — NOT AUTHORIZED FOR PHYSICAL EXECUTION,True
warm_late_N76,1,168.9055219083325,84.0,84.9055219083325,24.0,True,II_diagonal_1,N76_all_conservative,707410af2741165f,707410af2741165f,0a015af39a2bee3e071faf8b0125482e58bf7c56ccbf34366daca852b271a235,PASS — READY FOR OWNER PHYSICAL RELEASE REVIEW,PASS,PASS,PASS,PASS,PASS,COMPUTATIONAL COVERAGE CANDIDATE — NOT AUTHORIZED FOR PHYSICAL EXECUTION,True
operational_anchor_18C_N76,2,205.22038681060374,46.0,159.22038681060374,24.0,True,II_diagonal_1,N76_all_conservative,707410af2741165f,707410af2741165f,0a015af39a2bee3e071faf8b0125482e58bf7c56ccbf34366daca852b271a235,PASS — READY FOR OWNER PHYSICAL RELEASE REVIEW,PASS,PASS,PASS,PASS,PASS,COMPUTATIONAL COVERAGE CANDIDATE — NOT AUTHORIZED FOR PHYSICAL EXECUTION,True
cold_early_N76,2,202.46124354240104,48.0,154.46124354240104,24.0,True,II_diagonal_1,N76_all_conservative,707410af2741165f,707410af2741165f,0a015af39a2bee3e071faf8b0125482e58bf7c56ccbf34366daca852b271a235,PASS — READY FOR OWNER PHYSICAL RELEASE REVIEW,PASS,PASS,PASS,PASS,PASS,COMPUTATIONAL COVERAGE CANDIDATE — NOT AUTHORIZED FOR PHYSICAL EXECUTION,True
warm_late_N76,2,185.3039947102066,84.0,101.30399471020661,24.0,True,II_diagonal_1,N76_all_conservative,707410af2741165f,707410af2741165f,0a015af39a2bee3e071faf8b0125482e58bf7c56ccbf34366daca852b271a235,PASS — READY FOR OWNER PHYSICAL RELEASE REVIEW,PASS,PASS,PASS,PASS,PASS,COMPUTATIONAL COVERAGE CANDIDATE — NOT AUTHORIZED FOR PHYSICAL EXECUTION,True
operational_anchor_18C_N76,3,198.91721012021836,46.0,152.91721012021836,24.0,True,II_diagonal_1,N76_all_conservative,707410af2741165f,707410af2741165f,0a015af39a2bee3e071faf8b0125482e58bf7c56ccbf34366daca852b271a235,PASS — READY FOR OWNER PHYSICAL RELEASE REVIEW,PASS,PASS,PASS,PASS,PASS,COMPUTATIONAL COVERAGE CANDIDATE — NOT AUTHORIZED FOR PHYSICAL EXECUTION,True
cold_early_N76,3,195.46109943733967,48.0,147.46109943733967,24.0,True,II_diagonal_1,N76_all_conservative,707410af2741165f,707410af2741165f,0a015af39a2bee3e071faf8b0125482e58bf7c56ccbf34366daca852b271a235,PASS — READY FOR OWNER PHYSICAL RELEASE REVIEW,PASS,PASS,PASS,PASS,PASS,COMPUTATIONAL COVERAGE CANDIDATE — NOT AUTHORIZED FOR PHYSICAL EXECUTION,True
warm_late_N76,3,177.32871013160377,84.0,93.32871013160377,24.0,True,II_diagonal_1,N76_all_conservative,707410af2741165f,707410af2741165f,0a015af39a2bee3e071faf8b0125482e58bf7c56ccbf34366daca852b271a235,PASS — READY FOR OWNER PHYSICAL RELEASE REVIEW,PASS,PASS,PASS,PASS,PASS,COMPUTATIONAL COVERAGE CANDIDATE — NOT AUTHORIZED FOR PHYSICAL EXECUTION,True
operational_anchor_18C_N76,4,192.42854491371537,46.0,146.42854491371537,24.0,True,II_diagonal_1,N76_all_conservative,707410af2741165f,707410af2741165f,0a015af39a2bee3e071faf8b0125482e58bf7c56ccbf34366daca852b271a235,PASS — READY FOR OWNER PHYSICAL RELEASE REVIEW,PASS,PASS,PASS,PASS,PASS,COMPUTATIONAL COVERAGE CANDIDATE — NOT AUTHORIZED FOR PHYSICAL EXECUTION,True
cold_early_N76,4,188.2982124525696,48.0,140.2982124525696,24.0,True,II_diagonal_1,N76_all_conservative,707410af2741165f,707410af2741165f,0a015af39a2bee3e071faf8b0125482e58bf7c56ccbf34366daca852b271a235,PASS — READY FOR OWNER PHYSICAL RELEASE REVIEW,PASS,PASS,PASS,PASS,PASS,COMPUTATIONAL COVERAGE CANDIDATE — NOT AUTHORIZED FOR PHYSICAL EXECUTION,True
warm_late_N76,4,170.1148180759085,84.0,86.11481807590849,24.0,True,II_diagonal_1,N76_all_conservative,707410af2741165f,707410af2741165f,0a015af39a2bee3e071faf8b0125482e58bf7c56ccbf34366daca852b271a235,PASS — READY FOR OWNER PHYSICAL RELEASE REVIEW,PASS,PASS,PASS,PASS,PASS,COMPUTATIONAL COVERAGE CANDIDATE — NOT AUTHORIZED FOR PHYSICAL EXECUTION,True
operational_anchor_18C_N76,5,204.04523683322634,46.0,158.04523683322634,24.0,True,II_diagonal_1,N76_all_conservative,707410af2741165f,707410af2741165f,0a015af39a2bee3e071faf8b0125482e58bf7c56ccbf34366daca852b271a235,PASS — READY FOR OWNER PHYSICAL RELEASE REVIEW,PASS,PASS,PASS,PASS,PASS,COMPUTATIONAL COVERAGE CANDIDATE — NOT AUTHORIZED FOR PHYSICAL EXECUTION,True
cold_early_N76,5,201.01181339623994,48.0,153.01181339623994,24.0,True,II_diagonal_1,N76_all_conservative,707410af2741165f,707410af2741165f,0a015af39a2bee3e071faf8b0125482e58bf7c56ccbf34366daca852b271a235,PASS — READY FOR OWNER PHYSICAL RELEASE REVIEW,PASS,PASS,PASS,PASS,PASS,COMPUTATIONAL COVERAGE CANDIDATE — NOT AUTHORIZED FOR PHYSICAL EXECUTION,True
warm_late_N76,5,182.68644916730864,84.0,98.68644916730864,24.0,True,II_diagonal_1,N76_all_conservative,707410af2741165f,707410af2741165f,0a015af39a2bee3e071faf8b0125482e58bf7c56ccbf34366daca852b271a235,PASS — READY FOR OWNER PHYSICAL RELEASE REVIEW,PASS,PASS,PASS,PASS,PASS,COMPUTATIONAL COVERAGE CANDIDATE — NOT AUTHORIZED FOR PHYSICAL EXECUTION,True
operational_anchor_18C_N76,6,191.80049685206185,46.0,145.80049685206185,24.0,True,II_diagonal_1,N76_all_conservative,707410af2741165f,707410af2741165f,0a015af39a2bee3e071faf8b0125482e58bf7c56ccbf34366daca852b271a235,PASS — READY FOR OWNER PHYSICAL RELEASE REVIEW,PASS,PASS,PASS,PASS,PASS,COMPUTATIONAL COVERAGE CANDIDATE — NOT AUTHORIZED FOR PHYSICAL EXECUTION,True
cold_early_N76,6,192.48254257150268,48.0,144.48254257150268,24.0,True,II_diagonal_1,N76_all_conservative,707410af2741165f,707410af2741165f,0a015af39a2bee3e071faf8b0125482e58bf7c56ccbf34366daca852b271a235,PASS — READY FOR OWNER PHYSICAL RELEASE REVIEW,PASS,PASS,PASS,PASS,PASS,COMPUTATIONAL COVERAGE CANDIDATE — NOT AUTHORIZED FOR PHYSICAL EXECUTION,True
warm_late_N76,6,188.00729877832057,84.0,104.00729877832057,24.0,True,II_diagonal_1,N76_all_conservative,707410af2741165f,707410af2741165f,0a015af39a2bee3e071faf8b0125482e58bf7c56ccbf34366daca852b271a235,PASS — READY FOR OWNER PHYSICAL RELEASE REVIEW,PASS,PASS,PASS,PASS,PASS,COMPUTATIONAL COVERAGE CANDIDATE — NOT AUTHORIZED FOR PHYSICAL EXECUTION,True
operational_anchor_18C_N76,7,434.03481974228623,46.0,388.03481974228623,24.0,True,II_diagonal_1,N76_all_conservative,707410af2741165f,707410af2741165f,0a015af39a2bee3e071faf8b0125482e58bf7c56ccbf34366daca852b271a235,PASS — READY FOR OWNER PHYSICAL RELEASE REVIEW,PASS,PASS,PASS,PASS,PASS,COMPUTATIONAL COVERAGE CANDIDATE — NOT AUTHORIZED FOR PHYSICAL EXECUTION,True
cold_early_N76,7,478.46842457127957,48.0,430.46842457127957,24.0,True,II_diagonal_1,N76_all_conservative,707410af2741165f,707410af2741165f,0a015af39a2bee3e071faf8b0125482e58bf7c56ccbf34366daca852b271a235,PASS — READY FOR OWNER PHYSICAL RELEASE REVIEW,PASS,PASS,PASS,PASS,PASS,COMPUTATIONAL COVERAGE CANDIDATE — NOT AUTHORIZED FOR PHYSICAL EXECUTION,True
warm_late_N76,7,468.94624971342955,84.0,384.94624971342955,24.0,True,II_diagonal_1,N76_all_conservative,707410af2741165f,707410af2741165f,0a015af39a2bee3e071faf8b0125482e58bf7c56ccbf34366daca852b271a235,PASS — READY FOR OWNER PHYSICAL RELEASE REVIEW,PASS,PASS,PASS,PASS,PASS,COMPUTATIONAL COVERAGE CANDIDATE — NOT AUTHORIZED FOR PHYSICAL EXECUTION,True
operational_anchor_18C_N76,8,203.18511919689337,46.0,157.18511919689337,24.0,True,II_diagonal_1,N76_all_conservative,707410af2741165f,707410af2741165f,0a015af39a2bee3e071faf8b0125482e58bf7c56ccbf34366daca852b271a235,PASS — READY FOR OWNER PHYSICAL RELEASE REVIEW,PASS,PASS,PASS,PASS,PASS,COMPUTATIONAL COVERAGE CANDIDATE — NOT AUTHORIZED FOR PHYSICAL EXECUTION,True
cold_early_N76,8,196.39490304959548,48.0,148.39490304959548,24.0,True,II_diagonal_1,N76_all_conservative,707410af2741165f,707410af2741165f,0a015af39a2bee3e071faf8b0125482e58bf7c56ccbf34366daca852b271a235,PASS — READY FOR OWNER PHYSICAL RELEASE REVIEW,PASS,PASS,PASS,PASS,PASS,COMPUTATIONAL COVERAGE CANDIDATE — NOT AUTHORIZED FOR PHYSICAL EXECUTION,True
warm_late_N76,8,169.705491219758,84.0,85.70549121975799,24.0,True,II_diagonal_1,N76_all_conservative,707410af2741165f,707410af2741165f,0a015af39a2bee3e071faf8b0125482e58bf7c56ccbf34366daca852b271a235,PASS — READY FOR OWNER PHYSICAL RELEASE REVIEW,PASS,PASS,PASS,PASS,PASS,COMPUTATIONAL COVERAGE CANDIDATE — NOT AUTHORIZED FOR PHYSICAL EXECUTION,True
operational_anchor_18C_N76,9,154.45552802484113,46.0,108.45552802484113,24.0,True,II_diagonal_1,N76_all_conservative,707410af2741165f,707410af2741165f,0a015af39a2bee3e071faf8b0125482e58bf7c56ccbf34366daca852b271a235,PASS — READY FOR OWNER PHYSICAL RELEASE REVIEW,PASS,PASS,PASS,PASS,PASS,COMPUTATIONAL COVERAGE CANDIDATE — NOT AUTHORIZED FOR PHYSICAL EXECUTION,True
cold_early_N76,9,146.03913001202775,48.0,98.03913001202775,24.0,True,II_diagonal_1,N76_all_conservative,707410af2741165f,707410af2741165f,0a015af39a2bee3e071faf8b0125482e58bf7c56ccbf34366daca852b271a235,PASS — READY FOR OWNER PHYSICAL RELEASE REVIEW,PASS,PASS,PASS,PASS,PASS,COMPUTATIONAL COVERAGE CANDIDATE — NOT AUTHORIZED FOR PHYSICAL EXECUTION,True
warm_late_N76,9,116.72046222489497,84.0,32.72046222489497,24.0,True,II_diagonal_1,N76_all_conservative,707410af2741165f,707410af2741165f,0a015af39a2bee3e071faf8b0125482e58bf7c56ccbf34366daca852b271a235,PASS — READY FOR OWNER PHYSICAL RELEASE REVIEW,PASS,PASS,PASS,PASS,PASS,COMPUTATIONAL COVERAGE CANDIDATE — NOT AUTHORIZED FOR PHYSICAL EXECUTION,True
operational_anchor_18C_N76,10,202.0856690419403,46.0,156.0856690419403,24.0,True,II_diagonal_1,N76_all_conservative,707410af2741165f,707410af2741165f,0a015af39a2bee3e071faf8b0125482e58bf7c56ccbf34366daca852b271a235,PASS — READY FOR OWNER PHYSICAL RELEASE REVIEW,PASS,PASS,PASS,PASS,PASS,COMPUTATIONAL COVERAGE CANDIDATE — NOT AUTHORIZED FOR PHYSICAL EXECUTION,True
cold_early_N76,10,197.81794672622954,48.0,149.81794672622954,24.0,True,II_diagonal_1,N76_all_conservative,707410af2741165f,707410af2741165f,0a015af39a2bee3e071faf8b0125482e58bf7c56ccbf34366daca852b271a235,PASS — READY FOR OWNER PHYSICAL RELEASE REVIEW,PASS,PASS,PASS,PASS,PASS,COMPUTATIONAL COVERAGE CANDIDATE — NOT AUTHORIZED FOR PHYSICAL EXECUTION,True
warm_late_N76,10,180.05955333204483,84.0,96.05955333204483,24.0,True,II_diagonal_1,N76_all_conservative,707410af2741165f,707410af2741165f,0a015af39a2bee3e071faf8b0125482e58bf7c56ccbf34366daca852b271a235,PASS — READY FOR OWNER PHYSICAL RELEASE REVIEW,PASS,PASS,PASS,PASS,PASS,COMPUTATIONAL COVERAGE CANDIDATE — NOT AUTHORIZED FOR PHYSICAL EXECUTION,True
operational_anchor_18C_N76,11,193.12369355963122,46.0,147.12369355963122,24.0,True,II_diagonal_1,N76_all_conservative,707410af2741165f,707410af2741165f,0a015af39a2bee3e071faf8b0125482e58bf7c56ccbf34366daca852b271a235,PASS — READY FOR OWNER PHYSICAL RELEASE REVIEW,PASS,PASS,PASS,PASS,PASS,COMPUTATIONAL COVERAGE CANDIDATE — NOT AUTHORIZED FOR PHYSICAL EXECUTION,True
cold_early_N76,11,190.02453069628518,48.0,142.02453069628518,24.0,True,II_diagonal_1,N76_all_conservative,707410af2741165f,707410af2741165f,0a015af39a2bee3e071faf8b0125482e58bf7c56ccbf34366daca852b271a235,PASS — READY FOR OWNER PHYSICAL RELEASE REVIEW,PASS,PASS,PASS,PASS,PASS,COMPUTATIONAL COVERAGE CANDIDATE — NOT AUTHORIZED FOR PHYSICAL EXECUTION,True
warm_late_N76,11,172.49383230051066,84.0,88.49383230051066,24.0,True,II_diagonal_1,N76_all_conservative,707410af2741165f,707410af2741165f,0a015af39a2bee3e071faf8b0125482e58bf7c56ccbf34366daca852b271a235,PASS — READY FOR OWNER PHYSICAL RELEASE REVIEW,PASS,PASS,PASS,PASS,PASS,COMPUTATIONAL COVERAGE CANDIDATE — NOT AUTHORIZED FOR PHYSICAL EXECUTION,True
operational_anchor_18C_N76,12,202.2816482878695,46.0,156.2816482878695,24.0,True,II_diagonal_1,N76_all_conservative,707410af2741165f,707410af2741165f,0a015af39a2bee3e071faf8b0125482e58bf7c56ccbf34366daca852b271a235,PASS — READY FOR OWNER PHYSICAL RELEASE REVIEW,PASS,PASS,PASS,PASS,PASS,COMPUTATIONAL COVERAGE CANDIDATE — NOT AUTHORIZED FOR PHYSICAL EXECUTION,True
cold_early_N76,12,197.83154760890045,48.0,149.83154760890045,24.0,True,II_diagonal_1,N76_all_conservative,707410af2741165f,707410af2741165f,0a015af39a2bee3e071faf8b0125482e58bf7c56ccbf34366daca852b271a235,PASS — READY FOR OWNER PHYSICAL RELEASE REVIEW,PASS,PASS,PASS,PASS,PASS,COMPUTATIONAL COVERAGE CANDIDATE — NOT AUTHORIZED FOR PHYSICAL EXECUTION,True
warm_late_N76,12,179.7660963215552,84.0,95.76609632155521,24.0,True,II_diagonal_1,N76_all_conservative,707410af2741165f,707410af2741165f,0a015af39a2bee3e071faf8b0125482e58bf7c56ccbf34366daca852b271a235,PASS — READY FOR OWNER PHYSICAL RELEASE REVIEW,PASS,PASS,PASS,PASS,PASS,COMPUTATIONAL COVERAGE CANDIDATE — NOT AUTHORIZED FOR PHYSICAL EXECUTION,True
operational_anchor_18C_N76,13,187.02882069946804,46.0,141.02882069946804,24.0,True,II_diagonal_1,N76_all_conservative,707410af2741165f,707410af2741165f,0a015af39a2bee3e071faf8b0125482e58bf7c56ccbf34366daca852b271a235,PASS — READY FOR OWNER PHYSICAL RELEASE REVIEW,PASS,PASS,PASS,PASS,PASS,COMPUTATIONAL COVERAGE CANDIDATE — NOT AUTHORIZED FOR PHYSICAL EXECUTION,True
cold_early_N76,13,184.37877920675854,48.0,136.37877920675854,24.0,True,II_diagonal_1,N76_all_conservative,707410af2741165f,707410af2741165f,0a015af39a2bee3e071faf8b0125482e58bf7c56ccbf34366daca852b271a235,PASS — READY FOR OWNER PHYSICAL RELEASE REVIEW,PASS,PASS,PASS,PASS,PASS,COMPUTATIONAL COVERAGE CANDIDATE — NOT AUTHORIZED FOR PHYSICAL EXECUTION,True
warm_late_N76,13,167.22918198575022,84.0,83.22918198575022,24.0,True,II_diagonal_1,N76_all_conservative,707410af2741165f,707410af2741165f,0a015af39a2bee3e071faf8b0125482e58bf7c56ccbf34366daca852b271a235,PASS — READY FOR OWNER PHYSICAL RELEASE REVIEW,PASS,PASS,PASS,PASS,PASS,COMPUTATIONAL COVERAGE CANDIDATE — NOT AUTHORIZED FOR PHYSICAL EXECUTION,True
operational_anchor_18C_N76,14,184.6169101022029,46.0,138.6169101022029,24.0,True,II_diagonal_1,N76_all_conservative,707410af2741165f,707410af2741165f,0a015af39a2bee3e071faf8b0125482e58bf7c56ccbf34366daca852b271a235,PASS — READY FOR OWNER PHYSICAL RELEASE REVIEW,PASS,PASS,PASS,PASS,PASS,COMPUTATIONAL COVERAGE CANDIDATE — NOT AUTHORIZED FOR PHYSICAL EXECUTION,True
cold_early_N76,14,183.1199303233615,48.0,135.1199303233615,24.0,True,II_diagonal_1,N76_all_conservative,707410af2741165f,707410af2741165f,0a015af39a2bee3e071faf8b0125482e58bf7c56ccbf34366daca852b271a235,PASS — READY FOR OWNER PHYSICAL RELEASE REVIEW,PASS,PASS,PASS,PASS,PASS,COMPUTATIONAL COVERAGE CANDIDATE — NOT AUTHORIZED FOR PHYSICAL EXECUTION,True
warm_late_N76,14,166.63691365367887,84.0,82.63691365367887,24.0,True,II_diagonal_1,N76_all_conservative,707410af2741165f,707410af2741165f,0a015af39a2bee3e071faf8b0125482e58bf7c56ccbf34366daca852b271a235,PASS — READY FOR OWNER PHYSICAL RELEASE REVIEW,PASS,PASS,PASS,PASS,PASS,COMPUTATIONAL COVERAGE CANDIDATE — NOT AUTHORIZED FOR PHYSICAL EXECUTION,True
operational_anchor_18C_N76,15,198.63305721312625,46.0,152.63305721312625,24.0,True,II_diagonal_1,N76_all_conservative,707410af2741165f,707410af2741165f,0a015af39a2bee3e071faf8b0125482e58bf7c56ccbf34366daca852b271a235,PASS — READY FOR OWNER PHYSICAL RELEASE REVIEW,PASS,PASS,PASS,PASS,PASS,COMPUTATIONAL COVERAGE CANDIDATE — NOT AUTHORIZED FOR PHYSICAL EXECUTION,True
cold_early_N76,15,195.4040586587183,48.0,147.4040586587183,24.0,True,II_diagonal_1,N76_all_conservative,707410af2741165f,707410af2741165f,0a015af39a2bee3e071faf8b0125482e58bf7c56ccbf34366daca852b271a235,PASS — READY FOR OWNER PHYSICAL RELEASE REVIEW,PASS,PASS,PASS,PASS,PASS,COMPUTATIONAL COVERAGE CANDIDATE — NOT AUTHORIZED FOR PHYSICAL EXECUTION,True
warm_late_N76,15,178.07457660529755,84.0,94.07457660529755,24.0,True,II_diagonal_1,N76_all_conservative,707410af2741165f,707410af2741165f,0a015af39a2bee3e071faf8b0125482e58bf7c56ccbf34366daca852b271a235,PASS — READY FOR OWNER PHYSICAL RELEASE REVIEW,PASS,PASS,PASS,PASS,PASS,COMPUTATIONAL COVERAGE CANDIDATE — NOT AUTHORIZED FOR PHYSICAL EXECUTION,True
operational_anchor_18C_N76,16,212.24604570523468,46.0,166.24604570523468,24.0,True,II_diagonal_1,N76_all_conservative,707410af2741165f,707410af2741165f,0a015af39a2bee3e071faf8b0125482e58bf7c56ccbf34366daca852b271a235,PASS — READY FOR OWNER PHYSICAL RELEASE REVIEW,PASS,PASS,PASS,PASS,PASS,COMPUTATIONAL COVERAGE CANDIDATE — NOT AUTHORIZED FOR PHYSICAL EXECUTION,True
cold_early_N76,16,206.33971648544536,48.0,158.33971648544536,24.0,True,II_diagonal_1,N76_all_conservative,707410af2741165f,707410af2741165f,0a015af39a2bee3e071faf8b0125482e58bf7c56ccbf34366daca852b271a235,PASS — READY FOR OWNER PHYSICAL RELEASE REVIEW,PASS,PASS,PASS,PASS,PASS,COMPUTATIONAL COVERAGE CANDIDATE — NOT AUTHORIZED FOR PHYSICAL EXECUTION,True
warm_late_N76,16,187.57776432227305,84.0,103.57776432227305,24.0,True,II_diagonal_1,N76_all_conservative,707410af2741165f,707410af2741165f,0a015af39a2bee3e071faf8b0125482e58bf7c56ccbf34366daca852b271a235,PASS — READY FOR OWNER PHYSICAL RELEASE REVIEW,PASS,PASS,PASS,PASS,PASS,COMPUTATIONAL COVERAGE CANDIDATE — NOT AUTHORIZED FOR PHYSICAL EXECUTION,True
operational_anchor_18C_N76,17,185.2611326788098,46.0,139.2611326788098,24.0,True,II_diagonal_1,N76_all_conservative,707410af2741165f,707410af2741165f,0a015af39a2bee3e071faf8b0125482e58bf7c56ccbf34366daca852b271a235,PASS — READY FOR OWNER PHYSICAL RELEASE REVIEW,PASS,PASS,PASS,PASS,PASS,COMPUTATIONAL COVERAGE CANDIDATE — NOT AUTHORIZED FOR PHYSICAL EXECUTION,True
cold_early_N76,17,182.35734638627065,48.0,134.35734638627065,24.0,True,II_diagonal_1,N76_all_conservative,707410af2741165f,707410af2741165f,0a015af39a2bee3e071faf8b0125482e58bf7c56ccbf34366daca852b271a235,PASS — READY FOR OWNER PHYSICAL RELEASE REVIEW,PASS,PASS,PASS,PASS,PASS,COMPUTATIONAL COVERAGE CANDIDATE — NOT AUTHORIZED FOR PHYSICAL EXECUTION,True
warm_late_N76,17,165.7398589408481,84.0,81.73985894084811,24.0,True,II_diagonal_1,N76_all_conservative,707410af2741165f,707410af2741165f,0a015af39a2bee3e071faf8b0125482e58bf7c56ccbf34366daca852b271a235,PASS — READY FOR OWNER PHYSICAL RELEASE REVIEW,PASS,PASS,PASS,PASS,PASS,COMPUTATIONAL COVERAGE CANDIDATE — NOT AUTHORIZED FOR PHYSICAL EXECUTION,True
operational_anchor_18C_N76,18,192.42516982096654,46.0,146.42516982096654,24.0,True,II_diagonal_1,N76_all_conservative,707410af2741165f,707410af2741165f,0a015af39a2bee3e071faf8b0125482e58bf7c56ccbf34366daca852b271a235,PASS — READY FOR OWNER PHYSICAL RELEASE REVIEW,PASS,PASS,PASS,PASS,PASS,COMPUTATIONAL COVERAGE CANDIDATE — NOT AUTHORIZED FOR PHYSICAL EXECUTION,True
cold_early_N76,18,190.23572662250933,48.0,142.23572662250933,24.0,True,II_diagonal_1,N76_all_conservative,707410af2741165f,707410af2741165f,0a015af39a2bee3e071faf8b0125482e58bf7c56ccbf34366daca852b271a235,PASS — READY FOR OWNER PHYSICAL RELEASE REVIEW,PASS,PASS,PASS,PASS,PASS,COMPUTATIONAL COVERAGE CANDIDATE — NOT AUTHORIZED FOR PHYSICAL EXECUTION,True
warm_late_N76,18,173.08474556023126,84.0,89.08474556023126,24.0,True,II_diagonal_1,N76_all_conservative,707410af2741165f,707410af2741165f,0a015af39a2bee3e071faf8b0125482e58bf7c56ccbf34366daca852b271a235,PASS — READY FOR OWNER PHYSICAL RELEASE REVIEW,PASS,PASS,PASS,PASS,PASS,COMPUTATIONAL COVERAGE CANDIDATE — NOT AUTHORIZED FOR PHYSICAL EXECUTION,True
operational_anchor_18C_N76,19,213.8960529773147,46.0,167.8960529773147,24.0,True,II_diagonal_1,N76_all_conservative,707410af2741165f,707410af2741165f,0a015af39a2bee3e071faf8b0125482e58bf7c56ccbf34366daca852b271a235,PASS — READY FOR OWNER PHYSICAL RELEASE REVIEW,PASS,PASS,PASS,PASS,PASS,COMPUTATIONAL COVERAGE CANDIDATE — NOT AUTHORIZED FOR PHYSICAL EXECUTION,True
cold_early_N76,19,209.2428680178442,48.0,161.2428680178442,24.0,True,II_diagonal_1,N76_all_conservative,707410af2741165f,707410af2741165f,0a015af39a2bee3e071faf8b0125482e58bf7c56ccbf34366daca852b271a235,PASS — READY FOR OWNER PHYSICAL RELEASE REVIEW,PASS,PASS,PASS,PASS,PASS,COMPUTATIONAL COVERAGE CANDIDATE — NOT AUTHORIZED FOR PHYSICAL EXECUTION,True
warm_late_N76,19,190.80535280628501,84.0,106.80535280628501,24.0,True,II_diagonal_1,N76_all_conservative,707410af2741165f,707410af2741165f,0a015af39a2bee3e071faf8b0125482e58bf7c56ccbf34366daca852b271a235,PASS — READY FOR OWNER PHYSICAL RELEASE REVIEW,PASS,PASS,PASS,PASS,PASS,COMPUTATIONAL COVERAGE CANDIDATE — NOT AUTHORIZED FOR PHYSICAL EXECUTION,True
operational_anchor_18C_N76,20,207.90682722708496,46.0,161.90682722708496,24.0,True,II_diagonal_1,N76_all_conservative,707410af2741165f,707410af2741165f,0a015af39a2bee3e071faf8b0125482e58bf7c56ccbf34366daca852b271a235,PASS — READY FOR OWNER PHYSICAL RELEASE REVIEW,PASS,PASS,PASS,PASS,PASS,COMPUTATIONAL COVERAGE CANDIDATE — NOT AUTHORIZED FOR PHYSICAL EXECUTION,True
cold_early_N76,20,204.37623283251858,48.0,156.37623283251858,24.0,True,II_diagonal_1,N76_all_conservative,707410af2741165f,707410af2741165f,0a015af39a2bee3e071faf8b0125482e58bf7c56ccbf34366daca852b271a235,PASS — READY FOR OWNER PHYSICAL RELEASE REVIEW,PASS,PASS,PASS,PASS,PASS,COMPUTATIONAL COVERAGE CANDIDATE — NOT AUTHORIZED FOR PHYSICAL EXECUTION,True
warm_late_N76,20,186.64005607548916,84.0,102.64005607548916,24.0,True,II_diagonal_1,N76_all_conservative,707410af2741165f,707410af2741165f,0a015af39a2bee3e071faf8b0125482e58bf7c56ccbf34366daca852b271a235,PASS — READY FOR OWNER PHYSICAL RELEASE REVIEW,PASS,PASS,PASS,PASS,PASS,COMPUTATIONAL COVERAGE CANDIDATE — NOT AUTHORIZED FOR PHYSICAL EXECUTION,True
operational_anchor_18C_N76,21,203.2125453172865,46.0,157.2125453172865,24.0,True,II_diagonal_1,N76_all_conservative,707410af2741165f,707410af2741165f,0a015af39a2bee3e071faf8b0125482e58bf7c56ccbf34366daca852b271a235,PASS — READY FOR OWNER PHYSICAL RELEASE REVIEW,PASS,PASS,PASS,PASS,PASS,COMPUTATIONAL COVERAGE CANDIDATE — NOT AUTHORIZED FOR PHYSICAL EXECUTION,True
cold_early_N76,21,201.48664772055832,48.0,153.48664772055832,24.0,True,II_diagonal_1,N76_all_conservative,707410af2741165f,707410af2741165f,0a015af39a2bee3e071faf8b0125482e58bf7c56ccbf34366daca852b271a235,PASS — READY FOR OWNER PHYSICAL RELEASE REVIEW,PASS,PASS,PASS,PASS,PASS,COMPUTATIONAL COVERAGE CANDIDATE — NOT AUTHORIZED FOR PHYSICAL EXECUTION,True
warm_late_N76,21,184.07904703904737,84.0,100.07904703904737,24.0,True,II_diagonal_1,N76_all_conservative,707410af2741165f,707410af2741165f,0a015af39a2bee3e071faf8b0125482e58bf7c56ccbf34366daca852b271a235,PASS — READY FOR OWNER PHYSICAL RELEASE REVIEW,PASS,PASS,PASS,PASS,PASS,COMPUTATIONAL COVERAGE CANDIDATE — NOT AUTHORIZED FOR PHYSICAL EXECUTION,True
operational_anchor_18C_N76,22,191.81099063910608,46.0,145.81099063910608,24.0,True,II_diagonal_1,N76_all_conservative,707410af2741165f,707410af2741165f,0a015af39a2bee3e071faf8b0125482e58bf7c56ccbf34366daca852b271a235,PASS — READY FOR OWNER PHYSICAL RELEASE REVIEW,PASS,PASS,PASS,PASS,PASS,COMPUTATIONAL COVERAGE CANDIDATE — NOT AUTHORIZED FOR PHYSICAL EXECUTION,True
cold_early_N76,22,188.26467763258557,48.0,140.26467763258557,24.0,True,II_diagonal_1,N76_all_conservative,707410af2741165f,707410af2741165f,0a015af39a2bee3e071faf8b0125482e58bf7c56ccbf34366daca852b271a235,PASS — READY FOR OWNER PHYSICAL RELEASE REVIEW,PASS,PASS,PASS,PASS,PASS,COMPUTATIONAL COVERAGE CANDIDATE — NOT AUTHORIZED FOR PHYSICAL EXECUTION,True
warm_late_N76,22,170.4573652472056,84.0,86.45736524720559,24.0,True,II_diagonal_1,N76_all_conservative,707410af2741165f,707410af2741165f,0a015af39a2bee3e071faf8b0125482e58bf7c56ccbf34366daca852b271a235,PASS — READY FOR OWNER PHYSICAL RELEASE REVIEW,PASS,PASS,PASS,PASS,PASS,COMPUTATIONAL COVERAGE CANDIDATE — NOT AUTHORIZED FOR PHYSICAL EXECUTION,True
operational_anchor_18C_N76,23,188.18586923749734,46.0,142.18586923749734,24.0,True,II_diagonal_1,N76_all_conservative,707410af2741165f,707410af2741165f,0a015af39a2bee3e071faf8b0125482e58bf7c56ccbf34366daca852b271a235,PASS — READY FOR OWNER PHYSICAL RELEASE REVIEW,PASS,PASS,PASS,PASS,PASS,COMPUTATIONAL COVERAGE CANDIDATE — NOT AUTHORIZED FOR PHYSICAL EXECUTION,True
cold_early_N76,23,186.017223719697,48.0,138.017223719697,24.0,True,II_diagonal_1,N76_all_conservative,707410af2741165f,707410af2741165f,0a015af39a2bee3e071faf8b0125482e58bf7c56ccbf34366daca852b271a235,PASS — READY FOR OWNER PHYSICAL RELEASE REVIEW,PASS,PASS,PASS,PASS,PASS,COMPUTATIONAL COVERAGE CANDIDATE — NOT AUTHORIZED FOR PHYSICAL EXECUTION,True
warm_late_N76,23,169.56357857758778,84.0,85.56357857758778,24.0,True,II_diagonal_1,N76_all_conservative,707410af2741165f,707410af2741165f,0a015af39a2bee3e071faf8b0125482e58bf7c56ccbf34366daca852b271a235,PASS — READY FOR OWNER PHYSICAL RELEASE REVIEW,PASS,PASS,PASS,PASS,PASS,COMPUTATIONAL COVERAGE CANDIDATE — NOT AUTHORIZED FOR PHYSICAL EXECUTION,True
operational_anchor_18C_N76,24,186.86012401931336,46.0,140.86012401931336,24.0,True,II_diagonal_1,N76_all_conservative,707410af2741165f,707410af2741165f,0a015af39a2bee3e071faf8b0125482e58bf7c56ccbf34366daca852b271a235,PASS — READY FOR OWNER PHYSICAL RELEASE REVIEW,PASS,PASS,PASS,PASS,PASS,COMPUTATIONAL COVERAGE CANDIDATE — NOT AUTHORIZED FOR PHYSICAL EXECUTION,True
cold_early_N76,24,185.55462800956226,48.0,137.55462800956226,24.0,True,II_diagonal_1,N76_all_conservative,707410af2741165f,707410af2741165f,0a015af39a2bee3e071faf8b0125482e58bf7c56ccbf34366daca852b271a235,PASS — READY FOR OWNER PHYSICAL RELEASE REVIEW,PASS,PASS,PASS,PASS,PASS,COMPUTATIONAL COVERAGE CANDIDATE — NOT AUTHORIZED FOR PHYSICAL EXECUTION,True
warm_late_N76,24,169.32455432981124,84.0,85.32455432981124,24.0,True,II_diagonal_1,N76_all_conservative,707410af2741165f,707410af2741165f,0a015af39a2bee3e071faf8b0125482e58bf7c56ccbf34366daca852b271a235,PASS — READY FOR OWNER PHYSICAL RELEASE REVIEW,PASS,PASS,PASS,PASS,PASS,COMPUTATIONAL COVERAGE CANDIDATE — NOT AUTHORIZED FOR PHYSICAL EXECUTION,True
operational_anchor_18C_N76,25,193.73521176640992,46.0,147.73521176640992,24.0,True,II_diagonal_1,N76_all_conservative,707410af2741165f,707410af2741165f,0a015af39a2bee3e071faf8b0125482e58bf7c56ccbf34366daca852b271a235,PASS — READY FOR OWNER PHYSICAL RELEASE REVIEW,PASS,PASS,PASS,PASS,PASS,COMPUTATIONAL COVERAGE CANDIDATE — NOT AUTHORIZED FOR PHYSICAL EXECUTION,True
cold_early_N76,25,191.8952064649315,48.0,143.8952064649315,24.0,True,II_diagonal_1,N76_all_conservative,707410af2741165f,707410af2741165f,0a015af39a2bee3e071faf8b0125482e58bf7c56ccbf34366daca852b271a235,PASS — READY FOR OWNER PHYSICAL RELEASE REVIEW,PASS,PASS,PASS,PASS,PASS,COMPUTATIONAL COVERAGE CANDIDATE — NOT AUTHORIZED FOR PHYSICAL EXECUTION,True
warm_late_N76,25,174.74172513797288,84.0,90.74172513797288,24.0,True,II_diagonal_1,N76_all_conservative,707410af2741165f,707410af2741165f,0a015af39a2bee3e071faf8b0125482e58bf7c56ccbf34366daca852b271a235,PASS — READY FOR OWNER PHYSICAL RELEASE REVIEW,PASS,PASS,PASS,PASS,PASS,COMPUTATIONAL COVERAGE CANDIDATE — NOT AUTHORIZED FOR PHYSICAL EXECUTION,True
operational_anchor_18C_N76,26,186.76160044052702,46.0,140.76160044052702,24.0,True,II_diagonal_1,N76_all_conservative,707410af2741165f,707410af2741165f,0a015af39a2bee3e071faf8b0125482e58bf7c56ccbf34366daca852b271a235,PASS — READY FOR OWNER PHYSICAL RELEASE REVIEW,PASS,PASS,PASS,PASS,PASS,COMPUTATIONAL COVERAGE CANDIDATE — NOT AUTHORIZED FOR PHYSICAL EXECUTION,True
cold_early_N76,26,186.21016104518597,48.0,138.21016104518597,24.0,True,II_diagonal_1,N76_all_conservative,707410af2741165f,707410af2741165f,0a015af39a2bee3e071faf8b0125482e58bf7c56ccbf34366daca852b271a235,PASS — READY FOR OWNER PHYSICAL RELEASE REVIEW,PASS,PASS,PASS,PASS,PASS,COMPUTATIONAL COVERAGE CANDIDATE — NOT AUTHORIZED FOR PHYSICAL EXECUTION,True
warm_late_N76,26,170.39136922898902,84.0,86.39136922898902,24.0,True,II_diagonal_1,N76_all_conservative,707410af2741165f,707410af2741165f,0a015af39a2bee3e071faf8b0125482e58bf7c56ccbf34366daca852b271a235,PASS — READY FOR OWNER PHYSICAL RELEASE REVIEW,PASS,PASS,PASS,PASS,PASS,COMPUTATIONAL COVERAGE CANDIDATE — NOT AUTHORIZED FOR PHYSICAL EXECUTION,True
operational_anchor_18C_N76,27,189.97658188540535,46.0,143.97658188540535,24.0,True,II_diagonal_1,N76_all_conservative,707410af2741165f,707410af2741165f,0a015af39a2bee3e071faf8b0125482e58bf7c56ccbf34366daca852b271a235,PASS — READY FOR OWNER PHYSICAL RELEASE REVIEW,PASS,PASS,PASS,PASS,PASS,COMPUTATIONAL COVERAGE CANDIDATE — NOT AUTHORIZED FOR PHYSICAL EXECUTION,True
cold_early_N76,27,186.58136962877742,48.0,138.58136962877742,24.0,True,II_diagonal_1,N76_all_conservative,707410af2741165f,707410af2741165f,0a015af39a2bee3e071faf8b0125482e58bf7c56ccbf34366daca852b271a235,PASS — READY FOR OWNER PHYSICAL RELEASE REVIEW,PASS,PASS,PASS,PASS,PASS,COMPUTATIONAL COVERAGE CANDIDATE — NOT AUTHORIZED FOR PHYSICAL EXECUTION,True
warm_late_N76,27,168.73759210126295,84.0,84.73759210126295,24.0,True,II_diagonal_1,N76_all_conservative,707410af2741165f,707410af2741165f,0a015af39a2bee3e071faf8b0125482e58bf7c56ccbf34366daca852b271a235,PASS — READY FOR OWNER PHYSICAL RELEASE REVIEW,PASS,PASS,PASS,PASS,PASS,COMPUTATIONAL COVERAGE CANDIDATE — NOT AUTHORIZED FOR PHYSICAL EXECUTION,True
operational_anchor_18C_N76,28,184.27221586593166,46.0,138.27221586593166,24.0,True,II_diagonal_1,N76_all_conservative,707410af2741165f,707410af2741165f,0a015af39a2bee3e071faf8b0125482e58bf7c56ccbf34366daca852b271a235,PASS — READY FOR OWNER PHYSICAL RELEASE REVIEW,PASS,PASS,PASS,PASS,PASS,COMPUTATIONAL COVERAGE CANDIDATE — NOT AUTHORIZED FOR PHYSICAL EXECUTION,True
cold_early_N76,28,182.3184869125436,48.0,134.3184869125436,24.0,True,II_diagonal_1,N76_all_conservative,707410af2741165f,707410af2741165f,0a015af39a2bee3e071faf8b0125482e58bf7c56ccbf34366daca852b271a235,PASS — READY FOR OWNER PHYSICAL RELEASE REVIEW,PASS,PASS,PASS,PASS,PASS,COMPUTATIONAL COVERAGE CANDIDATE — NOT AUTHORIZED FOR PHYSICAL EXECUTION,True
warm_late_N76,28,165.58482853541608,84.0,81.58482853541608,24.0,True,II_diagonal_1,N76_all_conservative,707410af2741165f,707410af2741165f,0a015af39a2bee3e071faf8b0125482e58bf7c56ccbf34366daca852b271a235,PASS — READY FOR OWNER PHYSICAL RELEASE REVIEW,PASS,PASS,PASS,PASS,PASS,COMPUTATIONAL COVERAGE CANDIDATE — NOT AUTHORIZED FOR PHYSICAL EXECUTION,True
operational_anchor_18C_N76,29,194.3179866180866,46.0,148.3179866180866,24.0,True,II_diagonal_1,N76_all_conservative,707410af2741165f,707410af2741165f,0a015af39a2bee3e071faf8b0125482e58bf7c56ccbf34366daca852b271a235,PASS — READY FOR OWNER PHYSICAL RELEASE REVIEW,PASS,PASS,PASS,PASS,PASS,COMPUTATIONAL COVERAGE CANDIDATE — NOT AUTHORIZED FOR PHYSICAL EXECUTION,True
cold_early_N76,29,193.54342331012523,48.0,145.54342331012523,24.0,True,II_diagonal_1,N76_all_conservative,707410af2741165f,707410af2741165f,0a015af39a2bee3e071faf8b0125482e58bf7c56ccbf34366daca852b271a235,PASS — READY FOR OWNER PHYSICAL RELEASE REVIEW,PASS,PASS,PASS,PASS,PASS,COMPUTATIONAL COVERAGE CANDIDATE — NOT AUTHORIZED FOR PHYSICAL EXECUTION,True
warm_late_N76,29,177.18217854106678,84.0,93.18217854106678,24.0,True,II_diagonal_1,N76_all_conservative,707410af2741165f,707410af2741165f,0a015af39a2bee3e071faf8b0125482e58bf7c56ccbf34366daca852b271a235,PASS — READY FOR OWNER PHYSICAL RELEASE REVIEW,PASS,PASS,PASS,PASS,PASS,COMPUTATIONAL COVERAGE CANDIDATE — NOT AUTHORIZED FOR PHYSICAL EXECUTION,True
operational_anchor_18C_N76,30,197.54975983688547,46.0,151.54975983688547,24.0,True,II_diagonal_1,N76_all_conservative,707410af2741165f,707410af2741165f,0a015af39a2bee3e071faf8b0125482e58bf7c56ccbf34366daca852b271a235,PASS — READY FOR OWNER PHYSICAL RELEASE REVIEW,PASS,PASS,PASS,PASS,PASS,COMPUTATIONAL COVERAGE CANDIDATE — NOT AUTHORIZED FOR PHYSICAL EXECUTION,True
cold_early_N76,30,198.066917286698,48.0,150.066917286698,24.0,True,II_diagonal_1,N76_all_conservative,707410af2741165f,707410af2741165f,0a015af39a2bee3e071faf8b0125482e58bf7c56ccbf34366daca852b271a235,PASS — READY FOR OWNER PHYSICAL RELEASE REVIEW,PASS,PASS,PASS,PASS,PASS,COMPUTATIONAL COVERAGE CANDIDATE — NOT AUTHORIZED FOR PHYSICAL EXECUTION,True
warm_late_N76,30,193.47654769935457,84.0,109.47654769935457,24.0,True,II_diagonal_1,N76_all_conservative,707410af2741165f,707410af2741165f,0a015af39a2bee3e071faf8b0125482e58bf7c56ccbf34366daca852b271a235,PASS — READY FOR OWNER PHYSICAL RELEASE REVIEW,PASS,PASS,PASS,PASS,PASS,COMPUTATIONAL COVERAGE CANDIDATE — NOT AUTHORIZED FOR PHYSICAL EXECUTION,True
operational_anchor_18C_N76,31,198.2662273661735,46.0,152.2662273661735,24.0,True,II_diagonal_1,N76_all_conservative,707410af2741165f,707410af2741165f,0a015af39a2bee3e071faf8b0125482e58bf7c56ccbf34366daca852b271a235,PASS — READY FOR OWNER PHYSICAL RELEASE REVIEW,PASS,PASS,PASS,PASS,PASS,COMPUTATIONAL COVERAGE CANDIDATE — NOT AUTHORIZED FOR PHYSICAL EXECUTION,True
cold_early_N76,31,198.82361191859323,48.0,150.82361191859323,24.0,True,II_diagonal_1,N76_all_conservative,707410af2741165f,707410af2741165f,0a015af39a2bee3e071faf8b0125482e58bf7c56ccbf34366daca852b271a235,PASS — READY FOR OWNER PHYSICAL RELEASE REVIEW,PASS,PASS,PASS,PASS,PASS,COMPUTATIONAL COVERAGE CANDIDATE — NOT AUTHORIZED FOR PHYSICAL EXECUTION,True
warm_late_N76,31,193.88201359155008,84.0,109.88201359155008,24.0,True,II_diagonal_1,N76_all_conservative,707410af2741165f,707410af2741165f,0a015af39a2bee3e071faf8b0125482e58bf7c56ccbf34366daca852b271a235,PASS — READY FOR OWNER PHYSICAL RELEASE REVIEW,PASS,PASS,PASS,PASS,PASS,COMPUTATIONAL COVERAGE CANDIDATE — NOT AUTHORIZED FOR PHYSICAL EXECUTION,True
operational_anchor_18C_N76,32,184.79631552651006,46.0,138.79631552651006,24.0,True,II_diagonal_1,N76_all_conservative,707410af2741165f,707410af2741165f,0a015af39a2bee3e071faf8b0125482e58bf7c56ccbf34366daca852b271a235,PASS — READY FOR OWNER PHYSICAL RELEASE REVIEW,PASS,PASS,PASS,PASS,PASS,COMPUTATIONAL COVERAGE CANDIDATE — NOT AUTHORIZED FOR PHYSICAL EXECUTION,True
cold_early_N76,32,183.56469927954456,48.0,135.56469927954456,24.0,True,II_diagonal_1,N76_all_conservative,707410af2741165f,707410af2741165f,0a015af39a2bee3e071faf8b0125482e58bf7c56ccbf34366daca852b271a235,PASS — READY FOR OWNER PHYSICAL RELEASE REVIEW,PASS,PASS,PASS,PASS,PASS,COMPUTATIONAL COVERAGE CANDIDATE — NOT AUTHORIZED FOR PHYSICAL EXECUTION,True
warm_late_N76,32,167.20214356117418,84.0,83.20214356117418,24.0,True,II_diagonal_1,N76_all_conservative,707410af2741165f,707410af2741165f,0a015af39a2bee3e071faf8b0125482e58bf7c56ccbf34366daca852b271a235,PASS — READY FOR OWNER PHYSICAL RELEASE REVIEW,PASS,PASS,PASS,PASS,PASS,COMPUTATIONAL COVERAGE CANDIDATE — NOT AUTHORIZED FOR PHYSICAL EXECUTION,True
operational_anchor_18C_N76,33,194.99692245212984,46.0,148.99692245212984,24.0,True,II_diagonal_1,N76_all_conservative,707410af2741165f,707410af2741165f,0a015af39a2bee3e071faf8b0125482e58bf7c56ccbf34366daca852b271a235,PASS — READY FOR OWNER PHYSICAL RELEASE REVIEW,PASS,PASS,PASS,PASS,PASS,COMPUTATIONAL COVERAGE CANDIDATE — NOT AUTHORIZED FOR PHYSICAL EXECUTION,True
cold_early_N76,33,193.00309077077145,48.0,145.00309077077145,24.0,True,II_diagonal_1,N76_all_conservative,707410af2741165f,707410af2741165f,0a015af39a2bee3e071faf8b0125482e58bf7c56ccbf34366daca852b271a235,PASS — READY FOR OWNER PHYSICAL RELEASE REVIEW,PASS,PASS,PASS,PASS,PASS,COMPUTATIONAL COVERAGE CANDIDATE — NOT AUTHORIZED FOR PHYSICAL EXECUTION,True
warm_late_N76,33,176.2801794498333,84.0,92.2801794498333,24.0,True,II_diagonal_1,N76_all_conservative,707410af2741165f,707410af2741165f,0a015af39a2bee3e071faf8b0125482e58bf7c56ccbf34366daca852b271a235,PASS — READY FOR OWNER PHYSICAL RELEASE REVIEW,PASS,PASS,PASS,PASS,PASS,COMPUTATIONAL COVERAGE CANDIDATE — NOT AUTHORIZED FOR PHYSICAL EXECUTION,True
operational_anchor_18C_N76,34,188.19692321971337,46.0,142.19692321971337,24.0,True,II_diagonal_1,N76_all_conservative,707410af2741165f,707410af2741165f,0a015af39a2bee3e071faf8b0125482e58bf7c56ccbf34366daca852b271a235,PASS — READY FOR OWNER PHYSICAL RELEASE REVIEW,PASS,PASS,PASS,PASS,PASS,COMPUTATIONAL COVERAGE CANDIDATE — NOT AUTHORIZED FOR PHYSICAL EXECUTION,True
cold_early_N76,34,185.0513236647525,48.0,137.0513236647525,24.0,True,II_diagonal_1,N76_all_conservative,707410af2741165f,707410af2741165f,0a015af39a2bee3e071faf8b0125482e58bf7c56ccbf34366daca852b271a235,PASS — READY FOR OWNER PHYSICAL RELEASE REVIEW,PASS,PASS,PASS,PASS,PASS,COMPUTATIONAL COVERAGE CANDIDATE — NOT AUTHORIZED FOR PHYSICAL EXECUTION,True
warm_late_N76,34,167.64728806588295,84.0,83.64728806588295,24.0,True,II_diagonal_1,N76_all_conservative,707410af2741165f,707410af2741165f,0a015af39a2bee3e071faf8b0125482e58bf7c56ccbf34366daca852b271a235,PASS — READY FOR OWNER PHYSICAL RELEASE REVIEW,PASS,PASS,PASS,PASS,PASS,COMPUTATIONAL COVERAGE CANDIDATE — NOT AUTHORIZED FOR PHYSICAL EXECUTION,True
operational_anchor_18C_N76,35,195.67286688818143,46.0,149.67286688818143,24.0,True,II_diagonal_1,N76_all_conservative,707410af2741165f,707410af2741165f,0a015af39a2bee3e071faf8b0125482e58bf7c56ccbf34366daca852b271a235,PASS — READY FOR OWNER PHYSICAL RELEASE REVIEW,PASS,PASS,PASS,PASS,PASS,COMPUTATIONAL COVERAGE CANDIDATE — NOT AUTHORIZED FOR PHYSICAL EXECUTION,True
cold_early_N76,35,192.3633532727933,48.0,144.3633532727933,24.0,True,II_diagonal_1,N76_all_conservative,707410af2741165f,707410af2741165f,0a015af39a2bee3e071faf8b0125482e58bf7c56ccbf34366daca852b271a235,PASS — READY FOR OWNER PHYSICAL RELEASE REVIEW,PASS,PASS,PASS,PASS,PASS,COMPUTATIONAL COVERAGE CANDIDATE — NOT AUTHORIZED FOR PHYSICAL EXECUTION,True
warm_late_N76,35,174.48182645212452,84.0,90.48182645212452,24.0,True,II_diagonal_1,N76_all_conservative,707410af2741165f,707410af2741165f,0a015af39a2bee3e071faf8b0125482e58bf7c56ccbf34366daca852b271a235,PASS — READY FOR OWNER PHYSICAL RELEASE REVIEW,PASS,PASS,PASS,PASS,PASS,COMPUTATIONAL COVERAGE CANDIDATE — NOT AUTHORIZED FOR PHYSICAL EXECUTION,True
operational_anchor_18C_N76,36,190.2922659745273,46.0,144.2922659745273,24.0,True,II_diagonal_1,N76_all_conservative,707410af2741165f,707410af2741165f,0a015af39a2bee3e071faf8b0125482e58bf7c56ccbf34366daca852b271a235,PASS — READY FOR OWNER PHYSICAL RELEASE REVIEW,PASS,PASS,PASS,PASS,PASS,COMPUTATIONAL COVERAGE CANDIDATE — NOT AUTHORIZED FOR PHYSICAL EXECUTION,True
cold_early_N76,36,185.67857512382724,48.0,137.67857512382724,24.0,True,II_diagonal_1,N76_all_conservative,707410af2741165f,707410af2741165f,0a015af39a2bee3e071faf8b0125482e58bf7c56ccbf34366daca852b271a235,PASS — READY FOR OWNER PHYSICAL RELEASE REVIEW,PASS,PASS,PASS,PASS,PASS,COMPUTATIONAL COVERAGE CANDIDATE — NOT AUTHORIZED FOR PHYSICAL EXECUTION,True
warm_late_N76,36,167.27745477419583,84.0,83.27745477419583,24.0,True,II_diagonal_1,N76_all_conservative,707410af2741165f,707410af2741165f,0a015af39a2bee3e071faf8b0125482e58bf7c56ccbf34366daca852b271a235,PASS — READY FOR OWNER PHYSICAL RELEASE REVIEW,PASS,PASS,PASS,PASS,PASS,COMPUTATIONAL COVERAGE CANDIDATE — NOT AUTHORIZED FOR PHYSICAL EXECUTION,True
operational_anchor_18C_N76,37,203.5528694854436,46.0,157.5528694854436,24.0,True,II_diagonal_1,N76_all_conservative,707410af2741165f,707410af2741165f,0a015af39a2bee3e071faf8b0125482e58bf7c56ccbf34366daca852b271a235,PASS — READY FOR OWNER PHYSICAL RELEASE REVIEW,PASS,PASS,PASS,PASS,PASS,COMPUTATIONAL COVERAGE CANDIDATE — NOT AUTHORIZED FOR PHYSICAL EXECUTION,True
cold_early_N76,37,200.58066794920651,48.0,152.58066794920651,24.0,True,II_diagonal_1,N76_all_conservative,707410af2741165f,707410af2741165f,0a015af39a2bee3e071faf8b0125482e58bf7c56ccbf34366daca852b271a235,PASS — READY FOR OWNER PHYSICAL RELEASE REVIEW,PASS,PASS,PASS,PASS,PASS,COMPUTATIONAL COVERAGE CANDIDATE — NOT AUTHORIZED FOR PHYSICAL EXECUTION,True
warm_late_N76,37,183.2574534587412,84.0,99.2574534587412,24.0,True,II_diagonal_1,N76_all_conservative,707410af2741165f,707410af2741165f,0a015af39a2bee3e071faf8b0125482e58bf7c56ccbf34366daca852b271a235,PASS — READY FOR OWNER PHYSICAL RELEASE REVIEW,PASS,PASS,PASS,PASS,PASS,COMPUTATIONAL COVERAGE CANDIDATE — NOT AUTHORIZED FOR PHYSICAL EXECUTION,True
operational_anchor_18C_N76,38,190.95845707722097,46.0,144.95845707722097,24.0,True,II_diagonal_1,N76_all_conservative,707410af2741165f,707410af2741165f,0a015af39a2bee3e071faf8b0125482e58bf7c56ccbf34366daca852b271a235,PASS — READY FOR OWNER PHYSICAL RELEASE REVIEW,PASS,PASS,PASS,PASS,PASS,COMPUTATIONAL COVERAGE CANDIDATE — NOT AUTHORIZED FOR PHYSICAL EXECUTION,True
cold_early_N76,38,186.43309451069302,48.0,138.43309451069302,24.0,True,II_diagonal_1,N76_all_conservative,707410af2741165f,707410af2741165f,0a015af39a2bee3e071faf8b0125482e58bf7c56ccbf34366daca852b271a235,PASS — READY FOR OWNER PHYSICAL RELEASE REVIEW,PASS,PASS,PASS,PASS,PASS,COMPUTATIONAL COVERAGE CANDIDATE — NOT AUTHORIZED FOR PHYSICAL EXECUTION,True
warm_late_N76,38,167.89403133036356,84.0,83.89403133036356,24.0,True,II_diagonal_1,N76_all_conservative,707410af2741165f,707410af2741165f,0a015af39a2bee3e071faf8b0125482e58bf7c56ccbf34366daca852b271a235,PASS — READY FOR OWNER PHYSICAL RELEASE REVIEW,PASS,PASS,PASS,PASS,PASS,COMPUTATIONAL COVERAGE CANDIDATE — NOT AUTHORIZED FOR PHYSICAL EXECUTION,True
operational_anchor_18C_N76,39,194.74523089041142,46.0,148.74523089041142,24.0,True,II_diagonal_1,N76_all_conservative,707410af2741165f,707410af2741165f,0a015af39a2bee3e071faf8b0125482e58bf7c56ccbf34366daca852b271a235,PASS — READY FOR OWNER PHYSICAL RELEASE REVIEW,PASS,PASS,PASS,PASS,PASS,COMPUTATIONAL COVERAGE CANDIDATE — NOT AUTHORIZED FOR PHYSICAL EXECUTION,True
cold_early_N76,39,190.7798069333049,48.0,142.7798069333049,24.0,True,II_diagonal_1,N76_all_conservative,707410af2741165f,707410af2741165f,0a015af39a2bee3e071faf8b0125482e58bf7c56ccbf34366daca852b271a235,PASS — READY FOR OWNER PHYSICAL RELEASE REVIEW,PASS,PASS,PASS,PASS,PASS,COMPUTATIONAL COVERAGE CANDIDATE — NOT AUTHORIZED FOR PHYSICAL EXECUTION,True
warm_late_N76,39,172.5181577234076,84.0,88.5181577234076,24.0,True,II_diagonal_1,N76_all_conservative,707410af2741165f,707410af2741165f,0a015af39a2bee3e071faf8b0125482e58bf7c56ccbf34366daca852b271a235,PASS — READY FOR OWNER PHYSICAL RELEASE REVIEW,PASS,PASS,PASS,PASS,PASS,COMPUTATIONAL COVERAGE CANDIDATE — NOT AUTHORIZED FOR PHYSICAL EXECUTION,True
operational_anchor_18C_N76,40,196.9315036255643,46.0,150.9315036255643,24.0,True,II_diagonal_1,N76_all_conservative,707410af2741165f,707410af2741165f,0a015af39a2bee3e071faf8b0125482e58bf7c56ccbf34366daca852b271a235,PASS — READY FOR OWNER PHYSICAL RELEASE REVIEW,PASS,PASS,PASS,PASS,PASS,COMPUTATIONAL COVERAGE CANDIDATE — NOT AUTHORIZED FOR PHYSICAL EXECUTION,True
cold_early_N76,40,193.86322715094053,48.0,145.86322715094053,24.0,True,II_diagonal_1,N76_all_conservative,707410af2741165f,707410af2741165f,0a015af39a2bee3e071faf8b0125482e58bf7c56ccbf34366daca852b271a235,PASS — READY FOR OWNER PHYSICAL RELEASE REVIEW,PASS,PASS,PASS,PASS,PASS,COMPUTATIONAL COVERAGE CANDIDATE — NOT AUTHORIZED FOR PHYSICAL EXECUTION,True
warm_late_N76,40,175.71518331468712,84.0,91.71518331468712,24.0,True,II_diagonal_1,N76_all_conservative,707410af2741165f,707410af2741165f,0a015af39a2bee3e071faf8b0125482e58bf7c56ccbf34366daca852b271a235,PASS — READY FOR OWNER PHYSICAL RELEASE REVIEW,PASS,PASS,PASS,PASS,PASS,COMPUTATIONAL COVERAGE CANDIDATE — NOT AUTHORIZED FOR PHYSICAL EXECUTION,True
operational_anchor_18C_N76,41,199.50797600034767,46.0,153.50797600034767,24.0,True,II_diagonal_1,N76_all_conservative,707410af2741165f,707410af2741165f,0a015af39a2bee3e071faf8b0125482e58bf7c56ccbf34366daca852b271a235,PASS — READY FOR OWNER PHYSICAL RELEASE REVIEW,PASS,PASS,PASS,PASS,PASS,COMPUTATIONAL COVERAGE CANDIDATE — NOT AUTHORIZED FOR PHYSICAL EXECUTION,True
cold_early_N76,41,200.14553605884976,48.0,152.14553605884976,24.0,True,II_diagonal_1,N76_all_conservative,707410af2741165f,707410af2741165f,0a015af39a2bee3e071faf8b0125482e58bf7c56ccbf34366daca852b271a235,PASS — READY FOR OWNER PHYSICAL RELEASE REVIEW,PASS,PASS,PASS,PASS,PASS,COMPUTATIONAL COVERAGE CANDIDATE — NOT AUTHORIZED FOR PHYSICAL EXECUTION,True
warm_late_N76,41,184.30971924881112,84.0,100.30971924881112,24.0,True,II_diagonal_1,N76_all_conservative,707410af2741165f,707410af2741165f,0a015af39a2bee3e071faf8b0125482e58bf7c56ccbf34366daca852b271a235,PASS — READY FOR OWNER PHYSICAL RELEASE REVIEW,PASS,PASS,PASS,PASS,PASS,COMPUTATIONAL COVERAGE CANDIDATE — NOT AUTHORIZED FOR PHYSICAL EXECUTION,True
operational_anchor_18C_N76,42,188.10348140163168,46.0,142.10348140163168,24.0,True,II_diagonal_1,N76_all_conservative,707410af2741165f,707410af2741165f,0a015af39a2bee3e071faf8b0125482e58bf7c56ccbf34366daca852b271a235,PASS — READY FOR OWNER PHYSICAL RELEASE REVIEW,PASS,PASS,PASS,PASS,PASS,COMPUTATIONAL COVERAGE CANDIDATE — NOT AUTHORIZED FOR PHYSICAL EXECUTION,True
cold_early_N76,42,186.7569283318069,48.0,138.7569283318069,24.0,True,II_diagonal_1,N76_all_conservative,707410af2741165f,707410af2741165f,0a015af39a2bee3e071faf8b0125482e58bf7c56ccbf34366daca852b271a235,PASS — READY FOR OWNER PHYSICAL RELEASE REVIEW,PASS,PASS,PASS,PASS,PASS,COMPUTATIONAL COVERAGE CANDIDATE — NOT AUTHORIZED FOR PHYSICAL EXECUTION,True
warm_late_N76,42,170.18341624857334,84.0,86.18341624857334,24.0,True,II_diagonal_1,N76_all_conservative,707410af2741165f,707410af2741165f,0a015af39a2bee3e071faf8b0125482e58bf7c56ccbf34366daca852b271a235,PASS — READY FOR OWNER PHYSICAL RELEASE REVIEW,PASS,PASS,PASS,PASS,PASS,COMPUTATIONAL COVERAGE CANDIDATE — NOT AUTHORIZED FOR PHYSICAL EXECUTION,True
operational_anchor_18C_N76,43,188.31242016112594,46.0,142.31242016112594,24.0,True,II_diagonal_1,N76_all_conservative,707410af2741165f,707410af2741165f,0a015af39a2bee3e071faf8b0125482e58bf7c56ccbf34366daca852b271a235,PASS — READY FOR OWNER PHYSICAL RELEASE REVIEW,PASS,PASS,PASS,PASS,PASS,COMPUTATIONAL COVERAGE CANDIDATE — NOT AUTHORIZED FOR PHYSICAL EXECUTION,True
cold_early_N76,43,185.25146350060209,48.0,137.25146350060209,24.0,True,II_diagonal_1,N76_all_conservative,707410af2741165f,707410af2741165f,0a015af39a2bee3e071faf8b0125482e58bf7c56ccbf34366daca852b271a235,PASS — READY FOR OWNER PHYSICAL RELEASE REVIEW,PASS,PASS,PASS,PASS,PASS,COMPUTATIONAL COVERAGE CANDIDATE — NOT AUTHORIZED FOR PHYSICAL EXECUTION,True
warm_late_N76,43,168.57442133242907,84.0,84.57442133242907,24.0,True,II_diagonal_1,N76_all_conservative,707410af2741165f,707410af2741165f,0a015af39a2bee3e071faf8b0125482e58bf7c56ccbf34366daca852b271a235,PASS — READY FOR OWNER PHYSICAL RELEASE REVIEW,PASS,PASS,PASS,PASS,PASS,COMPUTATIONAL COVERAGE CANDIDATE — NOT AUTHORIZED FOR PHYSICAL EXECUTION,True
operational_anchor_18C_N76,44,200.11234954126363,46.0,154.11234954126363,24.0,True,II_diagonal_1,N76_all_conservative,707410af2741165f,707410af2741165f,0a015af39a2bee3e071faf8b0125482e58bf7c56ccbf34366daca852b271a235,PASS — READY FOR OWNER PHYSICAL RELEASE REVIEW,PASS,PASS,PASS,PASS,PASS,COMPUTATIONAL COVERAGE CANDIDATE — NOT AUTHORIZED FOR PHYSICAL EXECUTION,True
cold_early_N76,44,197.54783371804334,48.0,149.54783371804334,24.0,True,II_diagonal_1,N76_all_conservative,707410af2741165f,707410af2741165f,0a015af39a2bee3e071faf8b0125482e58bf7c56ccbf34366daca852b271a235,PASS — READY FOR OWNER PHYSICAL RELEASE REVIEW,PASS,PASS,PASS,PASS,PASS,COMPUTATIONAL COVERAGE CANDIDATE — NOT AUTHORIZED FOR PHYSICAL EXECUTION,True
warm_late_N76,44,181.732436672973,84.0,97.732436672973,24.0,True,II_diagonal_1,N76_all_conservative,707410af2741165f,707410af2741165f,0a015af39a2bee3e071faf8b0125482e58bf7c56ccbf34366daca852b271a235,PASS — READY FOR OWNER PHYSICAL RELEASE REVIEW,PASS,PASS,PASS,PASS,PASS,COMPUTATIONAL COVERAGE CANDIDATE — NOT AUTHORIZED FOR PHYSICAL EXECUTION,True
operational_anchor_18C_N76,45,181.98078219539752,46.0,135.98078219539752,24.0,True,II_diagonal_1,N76_all_conservative,707410af2741165f,707410af2741165f,0a015af39a2bee3e071faf8b0125482e58bf7c56ccbf34366daca852b271a235,PASS — READY FOR OWNER PHYSICAL RELEASE REVIEW,PASS,PASS,PASS,PASS,PASS,COMPUTATIONAL COVERAGE CANDIDATE — NOT AUTHORIZED FOR PHYSICAL EXECUTION,True
cold_early_N76,45,181.07666189317987,48.0,133.07666189317987,24.0,True,II_diagonal_1,N76_all_conservative,707410af2741165f,707410af2741165f,0a015af39a2bee3e071faf8b0125482e58bf7c56ccbf34366daca852b271a235,PASS — READY FOR OWNER PHYSICAL RELEASE REVIEW,PASS,PASS,PASS,PASS,PASS,COMPUTATIONAL COVERAGE CANDIDATE — NOT AUTHORIZED FOR PHYSICAL EXECUTION,True
warm_late_N76,45,165.01886719671955,84.0,81.01886719671955,24.0,True,II_diagonal_1,N76_all_conservative,707410af2741165f,707410af2741165f,0a015af39a2bee3e071faf8b0125482e58bf7c56ccbf34366daca852b271a235,PASS — READY FOR OWNER PHYSICAL RELEASE REVIEW,PASS,PASS,PASS,PASS,PASS,COMPUTATIONAL COVERAGE CANDIDATE — NOT AUTHORIZED FOR PHYSICAL EXECUTION,True
operational_anchor_18C_N76,46,199.93342245414928,46.0,153.93342245414928,24.0,True,II_diagonal_1,N76_all_conservative,707410af2741165f,707410af2741165f,0a015af39a2bee3e071faf8b0125482e58bf7c56ccbf34366daca852b271a235,PASS — READY FOR OWNER PHYSICAL RELEASE REVIEW,PASS,PASS,PASS,PASS,PASS,COMPUTATIONAL COVERAGE CANDIDATE — NOT AUTHORIZED FOR PHYSICAL EXECUTION,True
cold_early_N76,46,196.3183393853189,48.0,148.3183393853189,24.0,True,II_diagonal_1,N76_all_conservative,707410af2741165f,707410af2741165f,0a015af39a2bee3e071faf8b0125482e58bf7c56ccbf34366daca852b271a235,PASS — READY FOR OWNER PHYSICAL RELEASE REVIEW,PASS,PASS,PASS,PASS,PASS,COMPUTATIONAL COVERAGE CANDIDATE — NOT AUTHORIZED FOR PHYSICAL EXECUTION,True
warm_late_N76,46,178.85136658313897,84.0,94.85136658313897,24.0,True,II_diagonal_1,N76_all_conservative,707410af2741165f,707410af2741165f,0a015af39a2bee3e071faf8b0125482e58bf7c56ccbf34366daca852b271a235,PASS — READY FOR OWNER PHYSICAL RELEASE REVIEW,PASS,PASS,PASS,PASS,PASS,COMPUTATIONAL COVERAGE CANDIDATE — NOT AUTHORIZED FOR PHYSICAL EXECUTION,True
operational_anchor_18C_N76,47,197.68383374330645,46.0,151.68383374330645,24.0,True,II_diagonal_1,N76_all_conservative,707410af2741165f,707410af2741165f,0a015af39a2bee3e071faf8b0125482e58bf7c56ccbf34366daca852b271a235,PASS — READY FOR OWNER PHYSICAL RELEASE REVIEW,PASS,PASS,PASS,PASS,PASS,COMPUTATIONAL COVERAGE CANDIDATE — NOT AUTHORIZED FOR PHYSICAL EXECUTION,True
cold_early_N76,47,194.47985634772203,48.0,146.47985634772203,24.0,True,II_diagonal_1,N76_all_conservative,707410af2741165f,707410af2741165f,0a015af39a2bee3e071faf8b0125482e58bf7c56ccbf34366daca852b271a235,PASS — READY FOR OWNER PHYSICAL RELEASE REVIEW,PASS,PASS,PASS,PASS,PASS,COMPUTATIONAL COVERAGE CANDIDATE — NOT AUTHORIZED FOR PHYSICAL EXECUTION,True
warm_late_N76,47,176.61592789118913,84.0,92.61592789118913,24.0,True,II_diagonal_1,N76_all_conservative,707410af2741165f,707410af2741165f,0a015af39a2bee3e071faf8b0125482e58bf7c56ccbf34366daca852b271a235,PASS — READY FOR OWNER PHYSICAL RELEASE REVIEW,PASS,PASS,PASS,PASS,PASS,COMPUTATIONAL COVERAGE CANDIDATE — NOT AUTHORIZED FOR PHYSICAL EXECUTION,True
operational_anchor_18C_N76,48,186.21958503877656,46.0,140.21958503877656,24.0,True,II_diagonal_1,N76_all_conservative,707410af2741165f,707410af2741165f,0a015af39a2bee3e071faf8b0125482e58bf7c56ccbf34366daca852b271a235,PASS — READY FOR OWNER PHYSICAL RELEASE REVIEW,PASS,PASS,PASS,PASS,PASS,COMPUTATIONAL COVERAGE CANDIDATE — NOT AUTHORIZED FOR PHYSICAL EXECUTION,True
cold_early_N76,48,184.34378490818835,48.0,136.34378490818835,24.0,True,II_diagonal_1,N76_all_conservative,707410af2741165f,707410af2741165f,0a015af39a2bee3e071faf8b0125482e58bf7c56ccbf34366daca852b271a235,PASS — READY FOR OWNER PHYSICAL RELEASE REVIEW,PASS,PASS,PASS,PASS,PASS,COMPUTATIONAL COVERAGE CANDIDATE — NOT AUTHORIZED FOR PHYSICAL EXECUTION,True
warm_late_N76,48,167.63224528287242,84.0,83.63224528287242,24.0,True,II_diagonal_1,N76_all_conservative,707410af2741165f,707410af2741165f,0a015af39a2bee3e071faf8b0125482e58bf7c56ccbf34366daca852b271a235,PASS — READY FOR OWNER PHYSICAL RELEASE REVIEW,PASS,PASS,PASS,PASS,PASS,COMPUTATIONAL COVERAGE CANDIDATE — NOT AUTHORIZED FOR PHYSICAL EXECUTION,True
operational_anchor_18C_N76,49,196.1584772442972,46.0,150.1584772442972,24.0,True,II_diagonal_1,N76_all_conservative,707410af2741165f,707410af2741165f,0a015af39a2bee3e071faf8b0125482e58bf7c56ccbf34366daca852b271a235,PASS — READY FOR OWNER PHYSICAL RELEASE REVIEW,PASS,PASS,PASS,PASS,PASS,COMPUTATIONAL COVERAGE CANDIDATE — NOT AUTHORIZED FOR PHYSICAL EXECUTION,True
cold_early_N76,49,193.65765281201774,48.0,145.65765281201774,24.0,True,II_diagonal_1,N76_all_conservative,707410af2741165f,707410af2741165f,0a015af39a2bee3e071faf8b0125482e58bf7c56ccbf34366daca852b271a235,PASS — READY FOR OWNER PHYSICAL RELEASE REVIEW,PASS,PASS,PASS,PASS,PASS,COMPUTATIONAL COVERAGE CANDIDATE — NOT AUTHORIZED FOR PHYSICAL EXECUTION,True
warm_late_N76,49,176.24525848697274,84.0,92.24525848697274,24.0,True,II_diagonal_1,N76_all_conservative,707410af2741165f,707410af2741165f,0a015af39a2bee3e071faf8b0125482e58bf7c56ccbf34366daca852b271a235,PASS — READY FOR OWNER PHYSICAL RELEASE REVIEW,PASS,PASS,PASS,PASS,PASS,COMPUTATIONAL COVERAGE CANDIDATE — NOT AUTHORIZED FOR PHYSICAL EXECUTION,True
operational_anchor_18C_N76,50,204.0054783281071,46.0,158.0054783281071,24.0,True,II_diagonal_1,N76_all_conservative,707410af2741165f,707410af2741165f,0a015af39a2bee3e071faf8b0125482e58bf7c56ccbf34366daca852b271a235,PASS — READY FOR OWNER PHYSICAL RELEASE REVIEW,PASS,PASS,PASS,PASS,PASS,COMPUTATIONAL COVERAGE CANDIDATE — NOT AUTHORIZED FOR PHYSICAL EXECUTION,True
cold_early_N76,50,200.60135594937327,48.0,152.60135594937327,24.0,True,II_diagonal_1,N76_all_conservative,707410af2741165f,707410af2741165f,0a015af39a2bee3e071faf8b0125482e58bf7c56ccbf34366daca852b271a235,PASS — READY FOR OWNER PHYSICAL RELEASE REVIEW,PASS,PASS,PASS,PASS,PASS,COMPUTATIONAL COVERAGE CANDIDATE — NOT AUTHORIZED FOR PHYSICAL EXECUTION,True
warm_late_N76,50,183.040261940129,84.0,99.040261940129,24.0,True,II_diagonal_1,N76_all_conservative,707410af2741165f,707410af2741165f,0a015af39a2bee3e071faf8b0125482e58bf7c56ccbf34366daca852b271a235,PASS — READY FOR OWNER PHYSICAL RELEASE REVIEW,PASS,PASS,PASS,PASS,PASS,COMPUTATIONAL COVERAGE CANDIDATE — NOT AUTHORIZED FOR PHYSICAL EXECUTION,True
operational_anchor_18C_N76,51,204.7844729670094,46.0,158.7844729670094,24.0,True,II_diagonal_1,N76_all_conservative,707410af2741165f,707410af2741165f,0a015af39a2bee3e071faf8b0125482e58bf7c56ccbf34366daca852b271a235,PASS — READY FOR OWNER PHYSICAL RELEASE REVIEW,PASS,PASS,PASS,PASS,PASS,COMPUTATIONAL COVERAGE CANDIDATE — NOT AUTHORIZED FOR PHYSICAL EXECUTION,True
cold_early_N76,51,201.536246327981,48.0,153.536246327981,24.0,True,II_diagonal_1,N76_all_conservative,707410af2741165f,707410af2741165f,0a015af39a2bee3e071faf8b0125482e58bf7c56ccbf34366daca852b271a235,PASS — READY FOR OWNER PHYSICAL RELEASE REVIEW,PASS,PASS,PASS,PASS,PASS,COMPUTATIONAL COVERAGE CANDIDATE — NOT AUTHORIZED FOR PHYSICAL EXECUTION,True
warm_late_N76,51,183.67084948185806,84.0,99.67084948185806,24.0,True,II_diagonal_1,N76_all_conservative,707410af2741165f,707410af2741165f,0a015af39a2bee3e071faf8b0125482e58bf7c56ccbf34366daca852b271a235,PASS — READY FOR OWNER PHYSICAL RELEASE REVIEW,PASS,PASS,PASS,PASS,PASS,COMPUTATIONAL COVERAGE CANDIDATE — NOT AUTHORIZED FOR PHYSICAL EXECUTION,True
operational_anchor_18C_N76,52,196.61757792107653,46.0,150.61757792107653,24.0,True,II_diagonal_1,N76_all_conservative,707410af2741165f,707410af2741165f,0a015af39a2bee3e071faf8b0125482e58bf7c56ccbf34366daca852b271a235,PASS — READY FOR OWNER PHYSICAL RELEASE REVIEW,PASS,PASS,PASS,PASS,PASS,COMPUTATIONAL COVERAGE CANDIDATE — NOT AUTHORIZED FOR PHYSICAL EXECUTION,True
cold_early_N76,52,194.41036263995284,48.0,146.41036263995284,24.0,True,II_diagonal_1,N76_all_conservative,707410af2741165f,707410af2741165f,0a015af39a2bee3e071faf8b0125482e58bf7c56ccbf34366daca852b271a235,PASS — READY FOR OWNER PHYSICAL RELEASE REVIEW,PASS,PASS,PASS,PASS,PASS,COMPUTATIONAL COVERAGE CANDIDATE — NOT AUTHORIZED FOR PHYSICAL EXECUTION,True
warm_late_N76,52,176.9275254677479,84.0,92.9275254677479,24.0,True,II_diagonal_1,N76_all_conservative,707410af2741165f,707410af2741165f,0a015af39a2bee3e071faf8b0125482e58bf7c56ccbf34366daca852b271a235,PASS — READY FOR OWNER PHYSICAL RELEASE REVIEW,PASS,PASS,PASS,PASS,PASS,COMPUTATIONAL COVERAGE CANDIDATE — NOT AUTHORIZED FOR PHYSICAL EXECUTION,True
operational_anchor_18C_N76,53,192.18233456951455,46.0,146.18233456951455,24.0,True,II_diagonal_1,N76_all_conservative,707410af2741165f,707410af2741165f,0a015af39a2bee3e071faf8b0125482e58bf7c56ccbf34366daca852b271a235,PASS — READY FOR OWNER PHYSICAL RELEASE REVIEW,PASS,PASS,PASS,PASS,PASS,COMPUTATIONAL COVERAGE CANDIDATE — NOT AUTHORIZED FOR PHYSICAL EXECUTION,True
cold_early_N76,53,189.92513223481748,48.0,141.92513223481748,24.0,True,II_diagonal_1,N76_all_conservative,707410af2741165f,707410af2741165f,0a015af39a2bee3e071faf8b0125482e58bf7c56ccbf34366daca852b271a235,PASS — READY FOR OWNER PHYSICAL RELEASE REVIEW,PASS,PASS,PASS,PASS,PASS,COMPUTATIONAL COVERAGE CANDIDATE — NOT AUTHORIZED FOR PHYSICAL EXECUTION,True
warm_late_N76,53,172.37989815665412,84.0,88.37989815665412,24.0,True,II_diagonal_1,N76_all_conservative,707410af2741165f,707410af2741165f,0a015af39a2bee3e071faf8b0125482e58bf7c56ccbf34366daca852b271a235,PASS — READY FOR OWNER PHYSICAL RELEASE REVIEW,PASS,PASS,PASS,PASS,PASS,COMPUTATIONAL COVERAGE CANDIDATE — NOT AUTHORIZED FOR PHYSICAL EXECUTION,True
operational_anchor_18C_N76,54,204.77338693889996,46.0,158.77338693889996,24.0,True,II_diagonal_1,N76_all_conservative,707410af2741165f,707410af2741165f,0a015af39a2bee3e071faf8b0125482e58bf7c56ccbf34366daca852b271a235,PASS — READY FOR OWNER PHYSICAL RELEASE REVIEW,PASS,PASS,PASS,PASS,PASS,COMPUTATIONAL COVERAGE CANDIDATE — NOT AUTHORIZED FOR PHYSICAL EXECUTION,True
cold_early_N76,54,203.16657379728414,48.0,155.16657379728414,24.0,True,II_diagonal_1,N76_all_conservative,707410af2741165f,707410af2741165f,0a015af39a2bee3e071faf8b0125482e58bf7c56ccbf34366daca852b271a235,PASS — READY FOR OWNER PHYSICAL RELEASE REVIEW,PASS,PASS,PASS,PASS,PASS,COMPUTATIONAL COVERAGE CANDIDATE — NOT AUTHORIZED FOR PHYSICAL EXECUTION,True
warm_late_N76,54,185.87106679102547,84.0,101.87106679102547,24.0,True,II_diagonal_1,N76_all_conservative,707410af2741165f,707410af2741165f,0a015af39a2bee3e071faf8b0125482e58bf7c56ccbf34366daca852b271a235,PASS — READY FOR OWNER PHYSICAL RELEASE REVIEW,PASS,PASS,PASS,PASS,PASS,COMPUTATIONAL COVERAGE CANDIDATE — NOT AUTHORIZED FOR PHYSICAL EXECUTION,True
operational_anchor_18C_N76,55,188.2367473984337,46.0,142.2367473984337,24.0,True,II_diagonal_1,N76_all_conservative,707410af2741165f,707410af2741165f,0a015af39a2bee3e071faf8b0125482e58bf7c56ccbf34366daca852b271a235,PASS — READY FOR OWNER PHYSICAL RELEASE REVIEW,PASS,PASS,PASS,PASS,PASS,COMPUTATIONAL COVERAGE CANDIDATE — NOT AUTHORIZED FOR PHYSICAL EXECUTION,True
cold_early_N76,55,185.6529698023784,48.0,137.6529698023784,24.0,True,II_diagonal_1,N76_all_conservative,707410af2741165f,707410af2741165f,0a015af39a2bee3e071faf8b0125482e58bf7c56ccbf34366daca852b271a235,PASS — READY FOR OWNER PHYSICAL RELEASE REVIEW,PASS,PASS,PASS,PASS,PASS,COMPUTATIONAL COVERAGE CANDIDATE — NOT AUTHORIZED FOR PHYSICAL EXECUTION,True
warm_late_N76,55,169.04218127242,84.0,85.04218127242001,24.0,True,II_diagonal_1,N76_all_conservative,707410af2741165f,707410af2741165f,0a015af39a2bee3e071faf8b0125482e58bf7c56ccbf34366daca852b271a235,PASS — READY FOR OWNER PHYSICAL RELEASE REVIEW,PASS,PASS,PASS,PASS,PASS,COMPUTATIONAL COVERAGE CANDIDATE — NOT AUTHORIZED FOR PHYSICAL EXECUTION,True
operational_anchor_18C_N76,56,208.5233711683807,46.0,162.5233711683807,24.0,True,II_diagonal_1,N76_all_conservative,707410af2741165f,707410af2741165f,0a015af39a2bee3e071faf8b0125482e58bf7c56ccbf34366daca852b271a235,PASS — READY FOR OWNER PHYSICAL RELEASE REVIEW,PASS,PASS,PASS,PASS,PASS,COMPUTATIONAL COVERAGE CANDIDATE — NOT AUTHORIZED FOR PHYSICAL EXECUTION,True
cold_early_N76,56,204.26799097485875,48.0,156.26799097485875,24.0,True,II_diagonal_1,N76_all_conservative,707410af2741165f,707410af2741165f,0a015af39a2bee3e071faf8b0125482e58bf7c56ccbf34366daca852b271a235,PASS — READY FOR OWNER PHYSICAL RELEASE REVIEW,PASS,PASS,PASS,PASS,PASS,COMPUTATIONAL COVERAGE CANDIDATE — NOT AUTHORIZED FOR PHYSICAL EXECUTION,True
warm_late_N76,56,186.4171867046124,84.0,102.41718670461239,24.0,True,II_diagonal_1,N76_all_conservative,707410af2741165f,707410af2741165f,0a015af39a2bee3e071faf8b0125482e58bf7c56ccbf34366daca852b271a235,PASS — READY FOR OWNER PHYSICAL RELEASE REVIEW,PASS,PASS,PASS,PASS,PASS,COMPUTATIONAL COVERAGE CANDIDATE — NOT AUTHORIZED FOR PHYSICAL EXECUTION,True
operational_anchor_18C_N76,57,204.8140890146868,46.0,158.8140890146868,24.0,True,II_diagonal_1,N76_all_conservative,707410af2741165f,707410af2741165f,0a015af39a2bee3e071faf8b0125482e58bf7c56ccbf34366daca852b271a235,PASS — READY FOR OWNER PHYSICAL RELEASE REVIEW,PASS,PASS,PASS,PASS,PASS,COMPUTATIONAL COVERAGE CANDIDATE — NOT AUTHORIZED FOR PHYSICAL EXECUTION,True
cold_early_N76,57,202.68208737439286,48.0,154.68208737439286,24.0,True,II_diagonal_1,N76_all_conservative,707410af2741165f,707410af2741165f,0a015af39a2bee3e071faf8b0125482e58bf7c56ccbf34366daca852b271a235,PASS — READY FOR OWNER PHYSICAL RELEASE REVIEW,PASS,PASS,PASS,PASS,PASS,COMPUTATIONAL COVERAGE CANDIDATE — NOT AUTHORIZED FOR PHYSICAL EXECUTION,True
warm_late_N76,57,184.7741801373559,84.0,100.7741801373559,24.0,True,II_diagonal_1,N76_all_conservative,707410af2741165f,707410af2741165f,0a015af39a2bee3e071faf8b0125482e58bf7c56ccbf34366daca852b271a235,PASS — READY FOR OWNER PHYSICAL RELEASE REVIEW,PASS,PASS,PASS,PASS,PASS,COMPUTATIONAL COVERAGE CANDIDATE — NOT AUTHORIZED FOR PHYSICAL EXECUTION,True
operational_anchor_18C_N76,58,181.14577531800902,46.0,135.14577531800902,24.0,True,II_diagonal_1,N76_all_conservative,707410af2741165f,707410af2741165f,0a015af39a2bee3e071faf8b0125482e58bf7c56ccbf34366daca852b271a235,PASS — READY FOR OWNER PHYSICAL RELEASE REVIEW,PASS,PASS,PASS,PASS,PASS,COMPUTATIONAL COVERAGE CANDIDATE — NOT AUTHORIZED FOR PHYSICAL EXECUTION,True
cold_early_N76,58,178.27503423710232,48.0,130.27503423710232,24.0,True,II_diagonal_1,N76_all_conservative,707410af2741165f,707410af2741165f,0a015af39a2bee3e071faf8b0125482e58bf7c56ccbf34366daca852b271a235,PASS — READY FOR OWNER PHYSICAL RELEASE REVIEW,PASS,PASS,PASS,PASS,PASS,COMPUTATIONAL COVERAGE CANDIDATE — NOT AUTHORIZED FOR PHYSICAL EXECUTION,True
warm_late_N76,58,161.8014924001204,84.0,77.8014924001204,24.0,True,II_diagonal_1,N76_all_conservative,707410af2741165f,707410af2741165f,0a015af39a2bee3e071faf8b0125482e58bf7c56ccbf34366daca852b271a235,PASS — READY FOR OWNER PHYSICAL RELEASE REVIEW,PASS,PASS,PASS,PASS,PASS,COMPUTATIONAL COVERAGE CANDIDATE — NOT AUTHORIZED FOR PHYSICAL EXECUTION,True
operational_anchor_18C_N76,59,198.158067726911,46.0,152.158067726911,24.0,True,II_diagonal_1,N76_all_conservative,707410af2741165f,707410af2741165f,0a015af39a2bee3e071faf8b0125482e58bf7c56ccbf34366daca852b271a235,PASS — READY FOR OWNER PHYSICAL RELEASE REVIEW,PASS,PASS,PASS,PASS,PASS,COMPUTATIONAL COVERAGE CANDIDATE — NOT AUTHORIZED FOR PHYSICAL EXECUTION,True
cold_early_N76,59,195.39651789415225,48.0,147.39651789415225,24.0,True,II_diagonal_1,N76_all_conservative,707410af2741165f,707410af2741165f,0a015af39a2bee3e071faf8b0125482e58bf7c56ccbf34366daca852b271a235,PASS — READY FOR OWNER PHYSICAL RELEASE REVIEW,PASS,PASS,PASS,PASS,PASS,COMPUTATIONAL COVERAGE CANDIDATE — NOT AUTHORIZED FOR PHYSICAL EXECUTION,True
warm_late_N76,59,179.19983263279804,84.0,95.19983263279804,24.0,True,II_diagonal_1,N76_all_conservative,707410af2741165f,707410af2741165f,0a015af39a2bee3e071faf8b0125482e58bf7c56ccbf34366daca852b271a235,PASS — READY FOR OWNER PHYSICAL RELEASE REVIEW,PASS,PASS,PASS,PASS,PASS,COMPUTATIONAL COVERAGE CANDIDATE — NOT AUTHORIZED FOR PHYSICAL EXECUTION,True
operational_anchor_18C_N76,60,187.30095809768824,46.0,141.30095809768824,24.0,True,II_diagonal_1,N76_all_conservative,707410af2741165f,707410af2741165f,0a015af39a2bee3e071faf8b0125482e58bf7c56ccbf34366daca852b271a235,PASS — READY FOR OWNER PHYSICAL RELEASE REVIEW,PASS,PASS,PASS,PASS,PASS,COMPUTATIONAL COVERAGE CANDIDATE — NOT AUTHORIZED FOR PHYSICAL EXECUTION,True
cold_early_N76,60,184.78640077943373,48.0,136.78640077943373,24.0,True,II_diagonal_1,N76_all_conservative,707410af2741165f,707410af2741165f,0a015af39a2bee3e071faf8b0125482e58bf7c56ccbf34366daca852b271a235,PASS — READY FOR OWNER PHYSICAL RELEASE REVIEW,PASS,PASS,PASS,PASS,PASS,COMPUTATIONAL COVERAGE CANDIDATE — NOT AUTHORIZED FOR PHYSICAL EXECUTION,True
warm_late_N76,60,167.68892115326597,84.0,83.68892115326597,24.0,True,II_diagonal_1,N76_all_conservative,707410af2741165f,707410af2741165f,0a015af39a2bee3e071faf8b0125482e58bf7c56ccbf34366daca852b271a235,PASS — READY FOR OWNER PHYSICAL RELEASE REVIEW,PASS,PASS,PASS,PASS,PASS,COMPUTATIONAL COVERAGE CANDIDATE — NOT AUTHORIZED FOR PHYSICAL EXECUTION,True
operational_anchor_18C_N76,61,196.61797045151533,46.0,150.61797045151533,24.0,True,II_diagonal_1,N76_all_conservative,707410af2741165f,707410af2741165f,0a015af39a2bee3e071faf8b0125482e58bf7c56ccbf34366daca852b271a235,PASS — READY FOR OWNER PHYSICAL RELEASE REVIEW,PASS,PASS,PASS,PASS,PASS,COMPUTATIONAL COVERAGE CANDIDATE — NOT AUTHORIZED FOR PHYSICAL EXECUTION,True
cold_early_N76,61,193.28137770045262,48.0,145.28137770045262,24.0,True,II_diagonal_1,N76_all_conservative,707410af2741165f,707410af2741165f,0a015af39a2bee3e071faf8b0125482e58bf7c56ccbf34366daca852b271a235,PASS — READY FOR OWNER PHYSICAL RELEASE REVIEW,PASS,PASS,PASS,PASS,PASS,COMPUTATIONAL COVERAGE CANDIDATE — NOT AUTHORIZED FOR PHYSICAL EXECUTION,True
warm_late_N76,61,175.39779727836847,84.0,91.39779727836847,24.0,True,II_diagonal_1,N76_all_conservative,707410af2741165f,707410af2741165f,0a015af39a2bee3e071faf8b0125482e58bf7c56ccbf34366daca852b271a235,PASS — READY FOR OWNER PHYSICAL RELEASE REVIEW,PASS,PASS,PASS,PASS,PASS,COMPUTATIONAL COVERAGE CANDIDATE — NOT AUTHORIZED FOR PHYSICAL EXECUTION,True
operational_anchor_18C_N76,62,199.75643269072907,46.0,153.75643269072907,24.0,True,II_diagonal_1,N76_all_conservative,707410af2741165f,707410af2741165f,0a015af39a2bee3e071faf8b0125482e58bf7c56ccbf34366daca852b271a235,PASS — READY FOR OWNER PHYSICAL RELEASE REVIEW,PASS,PASS,PASS,PASS,PASS,COMPUTATIONAL COVERAGE CANDIDATE — NOT AUTHORIZED FOR PHYSICAL EXECUTION,True
cold_early_N76,62,197.09965016640072,48.0,149.09965016640072,24.0,True,II_diagonal_1,N76_all_conservative,707410af2741165f,707410af2741165f,0a015af39a2bee3e071faf8b0125482e58bf7c56ccbf34366daca852b271a235,PASS — READY FOR OWNER PHYSICAL RELEASE REVIEW,PASS,PASS,PASS,PASS,PASS,COMPUTATIONAL COVERAGE CANDIDATE — NOT AUTHORIZED FOR PHYSICAL EXECUTION,True
warm_late_N76,62,180.62975311877932,84.0,96.62975311877932,24.0,True,II_diagonal_1,N76_all_conservative,707410af2741165f,707410af2741165f,0a015af39a2bee3e071faf8b0125482e58bf7c56ccbf34366daca852b271a235,PASS — READY FOR OWNER PHYSICAL RELEASE REVIEW,PASS,PASS,PASS,PASS,PASS,COMPUTATIONAL COVERAGE CANDIDATE — NOT AUTHORIZED FOR PHYSICAL EXECUTION,True
operational_anchor_18C_N76,63,202.2470905361884,46.0,156.2470905361884,24.0,True,II_diagonal_1,N76_all_conservative,707410af2741165f,707410af2741165f,0a015af39a2bee3e071faf8b0125482e58bf7c56ccbf34366daca852b271a235,PASS — READY FOR OWNER PHYSICAL RELEASE REVIEW,PASS,PASS,PASS,PASS,PASS,COMPUTATIONAL COVERAGE CANDIDATE — NOT AUTHORIZED FOR PHYSICAL EXECUTION,True
cold_early_N76,63,199.91470876793716,48.0,151.91470876793716,24.0,True,II_diagonal_1,N76_all_conservative,707410af2741165f,707410af2741165f,0a015af39a2bee3e071faf8b0125482e58bf7c56ccbf34366daca852b271a235,PASS — READY FOR OWNER PHYSICAL RELEASE REVIEW,PASS,PASS,PASS,PASS,PASS,COMPUTATIONAL COVERAGE CANDIDATE — NOT AUTHORIZED FOR PHYSICAL EXECUTION,True
warm_late_N76,63,182.70681783904377,84.0,98.70681783904377,24.0,True,II_diagonal_1,N76_all_conservative,707410af2741165f,707410af2741165f,0a015af39a2bee3e071faf8b0125482e58bf7c56ccbf34366daca852b271a235,PASS — READY FOR OWNER PHYSICAL RELEASE REVIEW,PASS,PASS,PASS,PASS,PASS,COMPUTATIONAL COVERAGE CANDIDATE — NOT AUTHORIZED FOR PHYSICAL EXECUTION,True
